Listing Title,Area,Distances to Railway Stations,Building Age,Stories Tall,Floor,Price,Administrative Costs,Deposit,Gratuity,Rooms,Square Meters,Links to Listing
ＪＲ成田線 下総神崎駅 2階建 築15年,茨城県稲敷郡美浦村大字土浦,"ＪＲ成田線/下総神崎駅 歩407分,ＪＲ常磐線/土浦駅 歩249分,ＪＲ成田線/滑河駅 歩320分",築15年,2階建,1-2階,5.15万円,3000円,-,-,2LDK,59.62m,https://suumo.jp/chintai/jnc_000055226068/?bc=100184600530
グラマードマレ　B,茨城県神栖市賀,ＪＲ鹿島線/潮来駅 バス20分 (バス停)関東鉄道鹿島セントラルホテル 歩275分,築7年,2階建,2階,6.7万円,4000円,-,2万円,2LDK,50.42m,https://suumo.jp/chintai/jnc_000055197632/?bc=100184750738
ＪＲ鹿島線 潮来駅 2階建 築7年,茨城県神栖市賀,ＪＲ鹿島線/潮来駅 バス20分 (バス停)関東鉄道鹿島セントラルホテルバ 歩275分,築7年,2階建,2階,6.7万円,4000円,-,2万円,2LDK,50.42m,https://suumo.jp/chintai/jnc_000055206078/?bc=100184482319
キューブ知手,茨城県神栖市知手,ＪＲ鹿島線/延方駅 歩225分,築23年,2階建,1階,3.9万円,2000円,3.9万円,-,1LDK,40m,https://suumo.jp/chintai/jnc_000054505974/?bc=100185059700
ハリエンジュ,茨城県ひたちなか市大字田彦,ＪＲ常磐線/佐和駅 歩225分,築12年,2階建,2階,5.9万円,1500円,-,-,2LDK,60.33m,https://suumo.jp/chintai/jnc_000055369422/?bc=100185165900
ウイングハイツB棟,栃木県大田原市大豆田,ＪＲ東北本線/那須塩原駅 歩204分,築33年,2階建,1階,3万円,2000円,3万円,-,2DK,40m,https://suumo.jp/chintai/jnc_000055298381/?bc=100184895152
メゾンウェルサイド,神奈川県足柄下郡湯河原町吉浜,"小田急小田原線/小田原駅 歩197分,ＪＲ東海道本線/湯河原駅 歩23分,ＪＲ東海道本線/熱海駅 歩99分",築30年,2階建,2階,3.2万円,3000円,3.2万円,-,1K,16.67m,https://suumo.jp/chintai/jnc_000055177443/?bc=100184396261
エスポアールＢ,茨城県神栖市波崎,ＪＲ鹿島線/鹿島神宮駅 バス90分 (バス停)労災病院前 歩120分,築12年,2階建,2階,5.2万円,3000円,5.2万円,-,1LDK,33.06m,https://suumo.jp/chintai/jnc_000039553080/?bc=100184967560
メゾン・喜美,茨城県神栖市知手中央３,"ＪＲ成田線/笹川駅 歩210分,ＪＲ成田線/下総橘駅 歩112分,ＪＲ成田線/下総豊里駅 歩344分",築8年,2階建,1階,5.5万円,2000円,-,-,1LDK,46.34m,https://suumo.jp/chintai/jnc_000055242273/?bc=100185109352
リアン,茨城県神栖市波崎,ＪＲ総武本線/銚子駅 バス6分 (バス停)本新町 歩4分,築8年,2階建,1階,5.8万円,3000円,5.8万円,-,1LDK,45.71m,https://suumo.jp/chintai/jnc_000036937008/?bc=100184918271
コンフォール,茨城県神栖市土合東２,ＪＲ成田線/椎柴駅 歩191分,築14年,2階建,2階,5.8万円,3000円,-,-,2LDK,57.9m,https://suumo.jp/chintai/jnc_000053594999/?bc=100184672820
コンフォール,茨城県神栖市土合東２,ＪＲ成田線/椎柴駅 歩191分,築14年,2階建,2階,5.9万円,3000円,-,-,2LDK,57.9m,https://suumo.jp/chintai/jnc_000055008830/?bc=100184672836
グラーツ参番館,千葉県船橋市海神４,"ＪＲ総武線/西船橋駅 歩185分,京成本線/海神駅 歩11分,東武野田線/新船橋駅 歩8分",築13年,2階建,1階,8.5万円,3000円,8.5万円,8.5万円,1LDK,42m,https://suumo.jp/chintai/jnc_000054506622/?bc=100185014815
サニーコート,茨城県古河市尾崎,ＪＲ宇都宮線/古河駅 歩165分,築30年,2階建,1階,3.4万円,-,-,-,2K,39.74m,https://suumo.jp/chintai/jnc_000047944430/?bc=100150865620
ヴェント,茨城県神栖市知手中央９,ＪＲ鹿島線/鹿島神宮駅 歩186分,築1年,2階建,1階,5.5万円,2000円,-,5.5万円,1LDK,50.06m,https://suumo.jp/chintai/jnc_000049744314/?bc=100184647171
ＪＲ鹿島線 鹿島神宮駅 2階建 築1年,茨城県神栖市知手中央９,ＪＲ鹿島線/鹿島神宮駅 歩186分,築1年,2階建,1階,5.5万円,2000円,-,5.5万円,1LDK,50.06m,https://suumo.jp/chintai/jnc_000049751411/?bc=100184918260
ＪＲ水戸線 結城駅 2階建 築6年,茨城県結城郡八千代町大字菅谷,"ＪＲ水戸線/結城駅 歩165分,関東鉄道常総線/下妻駅 歩90分,ＪＲ宇都宮線/古河駅 車34分(16.9km)",築6年,2階建,1階,5.3万円,2000円,-,-,2LDK,56.84m,https://suumo.jp/chintai/jnc_000055304429/?bc=100184910407
ラ・レーヴA,茨城県神栖市堀割１,ＪＲ鹿島線/鹿島神宮駅 歩82分,築87年,2階建,2階,4万円,-,4万円,-,2DK,39.75m,https://suumo.jp/chintai/jnc_000055226049/?bc=100184606341
銚子電気鉄道 銚子駅 4階建 築44年,茨城県神栖市土合本町４,銚子電気鉄道/銚子駅 歩123分,築44年,4階建,3階,3.5万円,4000円,-,-,3DK,67m,https://suumo.jp/chintai/jnc_000033048976/?bc=100149667923
銚子電気鉄道 銚子駅 5階建 築42年,茨城県神栖市土合中央３,銚子電気鉄道/銚子駅 歩126分,築42年,5階建,3階,4.6万円,3000円,-,-,2LDK,70.46m,https://suumo.jp/chintai/jnc_000051080143/?bc=100138330281
つくばエクスプレス 研究学園駅 2階建 築12年,茨城県つくば市泉,つくばエクスプレス/研究学園駅 歩146分,築12年,2階建,-,5.7万円,3000円,-,-,2LDK,60.1m,https://suumo.jp/chintai/jnc_000055361843/?bc=100185117939
ピュアハウス備後東,埼玉県春日部市備後東２,"東武伊勢崎線/一ノ割駅 歩113分,東武伊勢崎線/武里駅 歩14分,東武伊勢崎線/せんげん台駅 歩39分",築45年,2階建,-,6万円,3000円,-,-,2LDK,60.94m,https://suumo.jp/chintai/jnc_000055226491/?bc=100184605014
グリーンハイツ高見原II壱番館,茨城県つくば市高見原１,ＪＲ常磐線/牛久駅 バス10分 (バス停)新山 歩5分,築13年,2階建,2階,5.2万円,2500円,-,-,2LDK,65.64m,https://suumo.jp/chintai/jnc_000036400969/?bc=100185118404
真岡鉄道 真岡駅 2階建 築15年,栃木県真岡市高勢町２,"真岡鉄道/真岡駅 歩38分,真岡鉄道/寺内駅 歩35分,真岡鉄道/北真岡駅 歩57分",築15年,2階建,1階,5万円,2000円,5万円,-,2LDK,54.55m,https://suumo.jp/chintai/jnc_000054688014/?bc=100184476001
真岡鉄道 真岡駅 2階建 築15年,栃木県真岡市高勢町２,"真岡鉄道/真岡駅 歩38分,真岡鉄道/寺内駅 歩35分,真岡鉄道/北真岡駅 歩57分",築15年,2階建,1階,5.5万円,2000円,5.5万円,-,2LDK,54.55m,https://suumo.jp/chintai/jnc_000054688015/?bc=100181275577
真岡鉄道 真岡駅 2階建 築15年,栃木県真岡市高勢町２,"真岡鉄道/真岡駅 歩38分,真岡鉄道/寺内駅 歩35分,真岡鉄道/北真岡駅 歩57分",築15年,2階建,1階,5.8万円,2000円,5.8万円,-,2LDK,54.55m,https://suumo.jp/chintai/jnc_000054632891/?bc=100181551752
プレグラン,茨城県猿島郡境町,"東武日光線/南栗橋駅 歩145分,東武日光線/幸手駅 歩144分,東武日光線/杉戸高野台駅 歩154分",築10年,2階建,1-2階,5.6万円,3000円,-,-,2SLDK,62m,https://suumo.jp/chintai/jnc_000055183834/?bc=100184438093
パインヒルカトウＤ棟,茨城県猿島郡境町,東武日光線/南栗橋駅 歩137分,築17年,2階建,1階,4.4万円,-,-,-,1K,26.4m,https://suumo.jp/chintai/jnc_000055312434/?bc=100184929795
関東鉄道常総線 三妻駅 2階建 築6年,茨城県坂東市岩井,"関東鉄道常総線/三妻駅 歩147分,東武野田線/七光台駅 歩160分,東武野田線/川間駅 歩178分",築6年,2階建,1-2階,5.6万円,3000円,-,-,2LDK,57m,https://suumo.jp/chintai/jnc_000055226036/?bc=100159864970
ＪＲ上越線 群馬総社駅 2階建 築18年,群馬県高崎市箕郷町矢原,ＪＲ上越線/群馬総社駅 歩132分,築18年,2階建,2階,4.25万円,3000円,-,-,2DK,53.44m,https://suumo.jp/chintai/jnc_000054978595/?bc=100184853387
カーサ谷藤,茨城県神栖市大野原１,"ＪＲ鹿島線/鹿島神宮駅 歩134分,ＪＲ成田線/小見川駅 歩96分,ＪＲ成田線/笹川駅 歩148分",築17年,平屋,-,5.8万円,2000円,5.8万円,-,1LDK,53.1m,https://suumo.jp/chintai/jnc_000055355065/?bc=100185111159
グリーンテラス　III,茨城県古河市東諸川,ＪＲ宇都宮線/古河駅 バス35分 (バス停)東諸川 歩1分,築4年,2階建,1-2階,5.6万円,3000円,-,-,2LDK,57.09m,https://suumo.jp/chintai/jnc_000016266862/?bc=100184292718
グリーンテラス　III,茨城県古河市東諸川,ＪＲ宇都宮線/古河駅 バス35分 (バス停)東諸川 歩1分,築4年,2階建,1-2階,5.7万円,3000円,-,-,2LDK,57.3m,https://suumo.jp/chintai/jnc_000055136922/?bc=100184857640
グリーンテラス　III,茨城県古河市東諸川,ＪＲ宇都宮線/古河駅 バス35分 (バス停)東諸川 歩1分,築4年,2階建,1-2階,5.8万円,3000円,-,-,2LDK,57.3m,https://suumo.jp/chintai/jnc_000053222929/?bc=100176073573
ＪＲ京浜東北線 大森駅 8階建 築15年,東京都大田区南馬込２,"ＪＲ京浜東北線/大森駅 歩14分,都営浅草線/馬込駅 歩13分,都営浅草線/西馬込駅 歩15分",築15年,8階建,7階,7.6万円,6000円,-,7.6万円,1K,25.36m,https://suumo.jp/chintai/jnc_000055299429/?bc=100184957576
ＪＲ京浜東北線 大森駅 8階建 築15年,東京都大田区南馬込２,"ＪＲ京浜東北線/大森駅 歩14分,都営浅草線/馬込駅 歩13分,都営浅草線/西馬込駅 歩15分",築15年,8階建,7階,8.2万円,6000円,8.2万円,8.2万円,1K,26.12m,https://suumo.jp/chintai/jnc_000055167577/?bc=100184357717
ＪＲ京浜東北線 大森駅 8階建 築15年,東京都大田区南馬込２,"ＪＲ京浜東北線/大森駅 歩14分,都営浅草線/馬込駅 歩13分,都営浅草線/西馬込駅 歩15分",築15年,8階建,7階,8.2万円,6000円,8.2万円,8.2万円,1K,25.74m,https://suumo.jp/chintai/jnc_000055138376/?bc=100184465208
アークガーデン知手Ｂ,茨城県神栖市知手,"ＪＲ成田線/小見川駅 歩138分,ＪＲ成田線/笹川駅 歩58分,ＪＲ成田線/下総橘駅 歩81分",築7年,2階建,2階,5.9万円,2000円,-,-,2LDK,57.63m,https://suumo.jp/chintai/jnc_000055166096/?bc=100184352776
ＪＲ東海道本線 茅ヶ崎駅 2階建 築18年,神奈川県茅ヶ崎市矢畑,"ＪＲ東海道本線/茅ヶ崎駅 歩125分,ＪＲ相模線/寒川駅 バス15分 (バス停)肥地力 歩5分",築18年,2階建,1階,10.2万円,3000円,-,-,3SLDK,80m,https://suumo.jp/chintai/jnc_000055300716/?bc=100184888023
グランソレイユ,茨城県神栖市土合西４,ＪＲ鹿島線/鹿島神宮駅 バス90分 (バス停)労災病院 歩39分,築15年,2階建,1階,5.9万円,3000円,-,-,2LDK,57.7m,https://suumo.jp/chintai/jnc_000055103507/?bc=100184672832
東武日光線 南栗橋駅 2階建 築6年,茨城県猿島郡境町,東武日光線/南栗橋駅 歩132分,築6年,2階建,2階,6.4万円,4000円,-,-,2LDK,57.94m,https://suumo.jp/chintai/jnc_000055249852/?bc=100166081599
フォルトゥナ目白,東京都豊島区目白５,"ＪＲ山手線/目白駅 歩12分,西武池袋線/椎名町駅 歩5分,西武新宿線/下落合駅 歩13分",築16年,5階建,1階,7.4万円,6000円,7.4万円,7.4万円,1K,21.17m,https://suumo.jp/chintai/jnc_000055132220/?bc=100184693137
関東鉄道常総線 水海道駅 2階建 新築,茨城県坂東市みどり町,関東鉄道常総線/水海道駅 歩136分,新築,2階建,1階,6万円,2500円,-,-,1LDK,44.17m,https://suumo.jp/chintai/jnc_000054536474/?bc=100184544433
関東鉄道常総線 水海道駅 2階建 新築,茨城県坂東市みどり町,関東鉄道常総線/水海道駅 歩136分,新築,2階建,1階,6.2万円,2500円,-,-,1LDK,45.27m,https://suumo.jp/chintai/jnc_000054562014/?bc=100184544424
関東鉄道常総線 水海道駅 2階建 新築,茨城県坂東市みどり町,関東鉄道常総線/水海道駅 歩136分,新築,2階建,1階,6.8万円,2500円,-,-,2LDK,56.15m,https://suumo.jp/chintai/jnc_000055008802/?bc=100184544405
関東鉄道常総線 水海道駅 2階建 新築,茨城県坂東市みどり町,関東鉄道常総線/水海道駅 歩136分,新築,2階建,1階,7万円,2500円,-,-,2LDK,57.23m,https://suumo.jp/chintai/jnc_000055008804/?bc=100184544406
グランシャリオ　Ｂ棟,茨城県神栖市土合西２,銚子電気鉄道/銚子駅 歩124分,築13年,2階建,2階,5.6万円,3000円,-,-,2LDK,59m,https://suumo.jp/chintai/jnc_000033204503/?bc=100184715966
三崎3丁目貸家,神奈川県三浦市三崎３,京急久里浜線/三崎口駅 バス70分 (バス停)三崎港 歩4分,築60年,2階建,-,4.5万円,-,4.5万円,-,5LDK,94.91m,https://suumo.jp/chintai/jnc_000055315650/?bc=100184338099
関東鉄道常総線 水海道駅 2階建 新築,茨城県坂東市みどり町,関東鉄道常総線/水海道駅 歩136分,新築,2階建,1階,6万円,2500円,-,-,1LDK,44.17m,https://suumo.jp/chintai/jnc_000055008806/?bc=100184544417
関東鉄道常総線 水海道駅 2階建 新築,茨城県坂東市みどり町,関東鉄道常総線/水海道駅 歩136分,新築,2階建,1階,6.2万円,2500円,-,-,1LDK,45.27m,https://suumo.jp/chintai/jnc_000055008805/?bc=100184544410
ＣＡＳＡ二本松４,茨城県神栖市木崎,ＪＲ鹿島線/鹿島神宮駅 歩133分,築3年,2階建,2階,6.3万円,2000円,-,6.3万円,1LDK,53.57m,https://suumo.jp/chintai/jnc_000055037694/?bc=100184357563
リバディールエステート,茨城県稲敷郡美浦村大字舟子,ＪＲ常磐線/土浦駅 歩113分,築22年,2階建,1階,3.4万円,2000円,3.4万円,-,2DK,44.72m,https://suumo.jp/chintai/jnc_000053407179/?bc=100184328252
リバディールエステート,茨城県稲敷郡美浦村大字舟子,ＪＲ常磐線/土浦駅 歩113分,築22年,2階建,1階,3.6万円,2000円,3.6万円,-,2DK,44.72m,https://suumo.jp/chintai/jnc_000054010738/?bc=100184328199
リバディールエステート,茨城県稲敷郡美浦村大字舟子,ＪＲ常磐線/土浦駅 歩113分,築22年,2階建,1階,3.6万円,2000円,3.6万円,-,2DK,44.72m,https://suumo.jp/chintai/jnc_000038816135/?bc=100184328388
平泉スクールマンション,茨城県神栖市平泉,"ＪＲ鹿島線/鹿島神宮駅 歩107分,ＪＲ成田線/小見川駅 歩96分,ＪＲ成田線/笹川駅 歩147分",築26年,3階建,2階,5万円,2000円,5万円,-,3DK,60m,https://suumo.jp/chintai/jnc_000055183809/?bc=100184198559
ココハイム,茨城県神栖市日川,ＪＲ鹿島線/鹿島神宮駅 バス35分 (バス停)鹿島セントラルホテル 歩95分,築5年,2階建,1階,6万円,3000円,6万円,-,2LDK,58.8m,https://suumo.jp/chintai/jnc_000055273189/?bc=100184793127
ティー・オリーブ,茨城県神栖市大野原１,"ＪＲ鹿島線/鹿島神宮駅 歩132分,ＪＲ鹿島線/鹿島神宮駅 バス31分 (バス停)木崎 歩4分",新築,3階建,1階,5.7万円,3000円,5.7万円,5.7万円,1LDK,40.15m,https://suumo.jp/chintai/jnc_000055345441/?bc=100185090273
ティー・オリーブ,茨城県神栖市大野原１,"ＪＲ鹿島線/鹿島神宮駅 歩132分,ＪＲ鹿島線/鹿島神宮駅 バス31分 (バス停)木崎 歩4分",新築,3階建,1階,5.9万円,3000円,5.9万円,5.9万円,1LDK,40.15m,https://suumo.jp/chintai/jnc_000055345440/?bc=100185090281
ティー・オリーブ,茨城県神栖市大野原１,"ＪＲ鹿島線/鹿島神宮駅 歩132分,ＪＲ鹿島線/鹿島神宮駅 バス31分 (バス停)木崎 歩4分",新築,3階建,1階,5.9万円,3000円,5.9万円,5.9万円,1LDK,40.15m,https://suumo.jp/chintai/jnc_000055345442/?bc=100185090274
ティー・オリーブ,茨城県神栖市大野原１,"ＪＲ鹿島線/鹿島神宮駅 歩132分,ＪＲ鹿島線/鹿島神宮駅 バス31分 (バス停)木崎 歩4分",新築,3階建,1階,5.9万円,3000円,5.9万円,5.9万円,1LDK,40.15m,https://suumo.jp/chintai/jnc_000055345444/?bc=100185090271
ティー・オリーブ,茨城県神栖市大野原１,"ＪＲ鹿島線/鹿島神宮駅 歩132分,ＪＲ鹿島線/鹿島神宮駅 バス31分 (バス停)木崎 歩4分",新築,3階建,1階,6.1万円,3000円,6.1万円,6.1万円,1LDK,40.15m,https://suumo.jp/chintai/jnc_000055345447/?bc=100185090342
ティー・オリーブ,茨城県神栖市大野原１,"ＪＲ鹿島線/鹿島神宮駅 歩132分,ＪＲ鹿島線/鹿島神宮駅 バス31分 (バス停)木崎 歩4分",新築,3階建,1階,6.1万円,3000円,6.1万円,6.1万円,1LDK,40.15m,https://suumo.jp/chintai/jnc_000055345443/?bc=100185090268
ティー・オリーブ,茨城県神栖市大野原１,"ＪＲ鹿島線/鹿島神宮駅 歩132分,ＪＲ鹿島線/鹿島神宮駅 バス31分 (バス停)木崎 歩4分",新築,3階建,1階,6.1万円,3000円,6.1万円,6.1万円,1LDK,40.15m,https://suumo.jp/chintai/jnc_000055345445/?bc=100185090265
ティー・オリーブ,茨城県神栖市大野原１,"ＪＲ鹿島線/鹿島神宮駅 歩132分,ＪＲ鹿島線/鹿島神宮駅 バス31分 (バス停)木崎 歩4分",新築,3階建,1階,6.3万円,3000円,6.3万円,6.3万円,1LDK,40.15m,https://suumo.jp/chintai/jnc_000055345446/?bc=100185090343
ティー・オリーブ,茨城県神栖市大野原１,"ＪＲ鹿島線/鹿島神宮駅 歩132分,ＪＲ鹿島線/鹿島神宮駅 バス31分 (バス停)木崎 歩4分",新築,3階建,1階,6.3万円,3000円,6.3万円,6.3万円,1LDK,40.15m,https://suumo.jp/chintai/jnc_000055345448/?bc=100185090276
アークヒルズ知手Ｂ,茨城県神栖市知手,ＪＲ成田線/小見川駅 歩126分,築6年,2階建,2階,5.9万円,2000円,-,-,2LDK,57.63m,https://suumo.jp/chintai/jnc_000055242272/?bc=100184636790
グランメール,茨城県神栖市知手中央４,ＪＲ成田線/下総橘駅 歩127分,築4年,2階建,2階,6.2万円,4000円,-,6.2万円,1LDK,45.85m,https://suumo.jp/chintai/jnc_000040516222/?bc=100143671282
富士見町石井貸家,群馬県前橋市富士見町石井,"ＪＲ上越線/八木原駅 歩95分,ＪＲ上越線/群馬総社駅 歩116分,ＪＲ上越線/渋川駅 歩125分",築30年,平屋,-,4.7万円,-,4.7万円,4.7万円,4DK,81.98m,https://suumo.jp/chintai/jnc_000055267520/?bc=100184764892
ＣＬＡＩＲ新出山,茨城県坂東市沓掛,関東鉄道常総線/南石下駅 バス25分 (バス停)沓掛工業団地前 歩99分,築6年,2階建,1-2階,5.8万円,3000円,11.6万円,-,2LDK,65.83m,https://suumo.jp/chintai/jnc_000027135775/?bc=100184292711
タワースクエア東向島,東京都墨田区東向島５,"東武伊勢崎線/東向島駅 歩96分,京成押上線/八広駅 歩9分,東武伊勢崎線/鐘ヶ淵駅 歩9分",築30年,6階建,6階,5.9万円,3000円,5.9万円,-,1K,18.91m,https://suumo.jp/chintai/jnc_000051743812/?bc=100185121629
ＪＲ信越本線 群馬八幡駅 2階建 築18年,群馬県高崎市箕郷町矢原,ＪＲ信越本線/群馬八幡駅 歩106分,築18年,2階建,2階,4.4万円,3000円,-,-,2LDK,64.43m,https://suumo.jp/chintai/jnc_000054978596/?bc=100184853328
ヴァンヴェール神栖Ｃ,茨城県神栖市大野原３,ＪＲ鹿島線/鹿島神宮駅 歩123分,築2年,3階建,1階,4.5万円,3000円,4.5万円,4.5万円,1K,25.08m,https://suumo.jp/chintai/jnc_000055226039/?bc=100184598312
デスパシオカーサI,埼玉県本庄市児玉町児玉,"ＪＲ高崎線/本庄駅 歩117分,ＪＲ八高線/児玉駅 歩6分",築8年,2階建,2階,5万円,3000円,-,-,2LDK,55.81m,https://suumo.jp/chintai/jnc_000055110784/?bc=100178220541
けやきレジデンスＣ,茨城県つくば市小田,つくばエクスプレス/つくば駅 バス38分 (バス停)小田東部 歩2分,築6年,2階建,1階,5.2万円,2000円,-,5.2万円,1LDK,50.09m,https://suumo.jp/chintai/jnc_000054278150/?bc=100185058430
けやきレジデンスＣ,茨城県つくば市小田,つくばエクスプレス/つくば駅 バス38分 (バス停)小田東部 歩2分,築6年,2階建,1階,5.6万円,2000円,-,5.6万円,2LDK,57.63m,https://suumo.jp/chintai/jnc_000053039779/?bc=100185096101
ＪＲ成田線 下総橘駅 平屋 築24年,茨城県神栖市知手,ＪＲ成田線/下総橘駅 歩100分,築24年,平屋,1階,5.5万円,-,5.5万円,-,3DK,54.65m,https://suumo.jp/chintai/jnc_000055151756/?bc=100059999639
きらら,茨城県神栖市知手,ＪＲ成田線/下総橘駅 歩100分,築24年,平屋,1階,5.5万円,-,5.5万円,-,3DK,54.65m,https://suumo.jp/chintai/jnc_000055151755/?bc=100058248138
ＪＲ鹿島線 鹿島神宮駅 2階建 築8年,茨城県神栖市土合西４,ＪＲ鹿島線/鹿島神宮駅 バス90分 (バス停)労災病院前 歩27分,築8年,2階建,2階,7.6万円,4000円,-,7.6万円,3LDK,73.61m,https://suumo.jp/chintai/jnc_000055183807/?bc=100184597440
白子浜ハイツ,千葉県長生郡白子町驚,ＪＲ外房線/八積駅 歩94分,築30年,2階建,1階,3.8万円,2000円,-,-,2DK,44.72m,https://suumo.jp/chintai/jnc_000055217982/?bc=100184536654
ＪＲ外房線 本納駅 平屋 築28年,千葉県長生郡白子町剃金,"ＪＲ外房線/本納駅 歩96分,ＪＲ外房線/新茂原駅 歩101分,ＪＲ外房線/八積駅 歩106分",築28年,平屋,1階,5.3万円,-,5.3万円,5.3万円,2DK,47.92m,https://suumo.jp/chintai/jnc_000051379471/?bc=100166077134
グリ－ン・ウィステリア,埼玉県比企郡川島町大字上伊草,"東武東上線/東松山駅 歩119分,東武東上線/鶴ヶ島駅 歩80分",築2年,2階建,2階,7万円,2000円,-,3万円,2LDK,57.19m,https://suumo.jp/chintai/jnc_000055089791/?bc=100184483030
アリス鹿島第２,茨城県神栖市太田,ＪＲ成田線/下総橘駅 歩92分,築30年,2階建,2階,3.3万円,2000円,-,-,3DK,53m,https://suumo.jp/chintai/jnc_000044762321/?bc=100152335212
ＪＲ成田線 下総橘駅 2階建 築30年,茨城県神栖市太田,ＪＲ成田線/下総橘駅 歩92分,築30年,2階建,2階,3.3万円,2000円,-,-,3DK,53m,https://suumo.jp/chintai/jnc_000048310384/?bc=100152375224
小美玉市　貸戸建て,茨城県小美玉市先後,"ＪＲ常磐線/羽鳥駅 歩98分,ＪＲ常磐線/岩間駅 歩118分",築23年,2階建,-,5.5万円,-,11万円,-,4LDK,86.12m,https://suumo.jp/chintai/jnc_000036646240/?bc=100083335453
K＆Mテクノ J,栃木県宇都宮市ゆいの杜７,"ＪＲ宇都宮線/宇都宮駅 バス30分 (バス停)産業創造プラザ 歩10分,ＪＲ烏山線/宝積寺駅 車19分(11.4km),東武宇都宮線/東武宇都宮駅 車31分(15.4km)",築5年,2階建,2階,5.9万円,-,5.9万円,-,1SK,32.76m,https://suumo.jp/chintai/jnc_000042077568/?bc=100184817549
セブングローリー２,千葉県富里市七栄,京成本線/公津の杜駅 歩90分,築32年,2階建,2階,3.9万円,3000円,-,-,2DK,44.71m,https://suumo.jp/chintai/jnc_000019516218/?bc=100076299943
ファミ－ル旭ケ丘I,茨城県鹿嶋市旭ケ丘２,"ＪＲ鹿島線/鹿島神宮駅 バス13分 (バス停)鹿島病院前 歩3分,鹿島臨海鉄道/鹿島サッカースタジアム駅 歩60分,ＪＲ鹿島線/延方駅 歩80分",築23年,2階建,1階,4.5万円,2000円,-,-,2DK,46.13m,https://suumo.jp/chintai/jnc_000055304389/?bc=100165163158
プランドールブリエ　Ｄ,茨城県古河市諸川,"湘南新宿ライン宇須/古河駅 歩117分,ＪＲ宇都宮線/古河駅 歩117分",築3年,2階建,1階,4.3万円,4000円,-,-,1K,30.03m,https://suumo.jp/chintai/jnc_000054298932/?bc=100184308523
プランドールブリエ　Ｄ,茨城県古河市諸川,"湘南新宿ライン宇須/古河駅 歩117分,ＪＲ宇都宮線/古河駅 歩117分",築3年,2階建,1階,4.3万円,4000円,-,-,ワンルーム,30.03m,https://suumo.jp/chintai/jnc_000054298933/?bc=100184308525
プランドールブリエ　Ｄ,茨城県古河市諸川,"湘南新宿ライン宇須/古河駅 歩117分,ＪＲ宇都宮線/古河駅 歩117分",築3年,2階建,1階,4.3万円,4000円,-,-,1K,30.03m,https://suumo.jp/chintai/jnc_000054770809/?bc=100184308524
プランドールブリエ　Ｄ,茨城県古河市諸川,"湘南新宿ライン宇須/古河駅 歩117分,ＪＲ宇都宮線/古河駅 歩117分",築3年,2階建,1階,4.4万円,4000円,-,-,1K,30.27m,https://suumo.jp/chintai/jnc_000054298931/?bc=100184308526
プランドールブリエ　Ｄ,茨城県古河市諸川,"湘南新宿ライン宇須/古河駅 歩117分,ＪＲ宇都宮線/古河駅 歩117分",築3年,2階建,1階,4.4万円,4000円,-,-,ワンルーム,30.27m,https://suumo.jp/chintai/jnc_000054298934/?bc=100184308527
プランドールブリエ　Ｄ,茨城県古河市諸川,"湘南新宿ライン宇須/古河駅 歩117分,ＪＲ宇都宮線/古河駅 歩117分",築3年,2階建,1階,4.5万円,4000円,-,-,1K,30.03m,https://suumo.jp/chintai/jnc_000054298936/?bc=100184308530
プランドールブリエ　Ｄ,茨城県古河市諸川,"湘南新宿ライン宇須/古河駅 歩117分,ＪＲ宇都宮線/古河駅 歩117分",築3年,2階建,1階,4.5万円,4000円,-,-,ワンルーム,30.03m,https://suumo.jp/chintai/jnc_000054298937/?bc=100184308531
プランドールブリエ　Ｄ,茨城県古河市諸川,"湘南新宿ライン宇須/古河駅 歩117分,ＪＲ宇都宮線/古河駅 歩117分",築3年,2階建,1階,4.5万円,4000円,-,-,1K,30.03m,https://suumo.jp/chintai/jnc_000054770810/?bc=100184308532
プランドールブリエ　Ｄ,茨城県古河市諸川,"湘南新宿ライン宇須/古河駅 歩117分,ＪＲ宇都宮線/古河駅 歩117分",築3年,2階建,1階,4.6万円,4000円,-,-,ワンルーム,30.27m,https://suumo.jp/chintai/jnc_000054298938/?bc=100184308536
プランドールブリエ　Ｄ,茨城県古河市諸川,"湘南新宿ライン宇須/古河駅 歩117分,ＪＲ宇都宮線/古河駅 歩117分",築3年,2階建,1階,4.6万円,4000円,-,-,1K,30.27m,https://suumo.jp/chintai/jnc_000054298935/?bc=100184308535
コンフォルターブルI,茨城県神栖市深芝南３,ＪＲ鹿島線/鹿島神宮駅 歩102分,築18年,2階建,1階,5.5万円,2500円,-,-,2LDK,54.86m,https://suumo.jp/chintai/jnc_000055130755/?bc=100184636818
プランドールブリエ　Ａ,茨城県古河市諸川,"湘南新宿ライン宇須/古河駅 歩117分,ＪＲ宇都宮線/古河駅 歩117分",築3年,2階建,2階,4.5万円,4000円,-,-,ワンルーム,30.03m,https://suumo.jp/chintai/jnc_000054298907/?bc=100184308529
プランドールブリエ　Ａ,茨城県古河市諸川,"湘南新宿ライン宇須/古河駅 歩117分,ＪＲ宇都宮線/古河駅 歩117分",築3年,2階建,2階,4.5万円,4000円,-,-,1K,30.03m,https://suumo.jp/chintai/jnc_000054298906/?bc=100184308528
プランドールブリエ　Ａ,茨城県古河市諸川,"湘南新宿ライン宇須/古河駅 歩117分,ＪＲ宇都宮線/古河駅 歩117分",築3年,2階建,2階,4.6万円,4000円,-,-,1K,30.27m,https://suumo.jp/chintai/jnc_000054298905/?bc=100184308534
プランドールブリエ　Ａ,茨城県古河市諸川,"湘南新宿ライン宇須/古河駅 歩117分,ＪＲ宇都宮線/古河駅 歩117分",築3年,2階建,2階,4.6万円,4000円,-,-,ワンルーム,30.27m,https://suumo.jp/chintai/jnc_000054298908/?bc=100184308533
コーポ石井第7,千葉県富里市御料,"芝山鉄道/芝山千代田駅 歩88分,京成本線/公津の杜駅 歩94分,京成本線/京成成田駅 歩98分",築33年,2階建,1階,4万円,2000円,4万円,-,2DK,36.5m,https://suumo.jp/chintai/jnc_000055258795/?bc=100184722738
永和ハイツ,茨城県つくば市花畑１,つくばエクスプレス/つくば駅 歩78分,築41年,2階建,1階,1.78万円,-,-,-,1K,25.66m,https://suumo.jp/chintai/jnc_000055173559/?bc=100185113762
クリーンシャトー,群馬県前橋市富士見町小沢,"ＪＲ上越線/群馬総社駅 歩97分,ＪＲ上越線/八木原駅 歩87分,上毛電鉄/中央前橋駅 歩83分",築20年,2階建,1階,4.2万円,2500円,-,-,2LDK,53.71m,https://suumo.jp/chintai/jnc_000054521356/?bc=100185098714
クリーンシャトー,群馬県前橋市富士見町小沢,"ＪＲ上越線/群馬総社駅 歩97分,ＪＲ上越線/八木原駅 歩87分,上毛電鉄/中央前橋駅 歩83分",築20年,2階建,1階,4.4万円,2500円,-,-,3DK,58.17m,https://suumo.jp/chintai/jnc_000054521357/?bc=100185098715
ＪＲ宇都宮線 古河駅 2階建 築3年,茨城県古河市諸川,ＪＲ宇都宮線/古河駅 車21分(10.3km),築3年,2階建,2階,4.5万円,4000円,-,-,1K,30.03m,https://suumo.jp/chintai/jnc_000054914637/?bc=100184374159
ＪＲ宇都宮線 古河駅 2階建 築3年,茨城県古河市諸川,ＪＲ宇都宮線/古河駅 車21分(10.3km),築3年,2階建,2階,4.5万円,4000円,-,-,ワンルーム,30.03m,https://suumo.jp/chintai/jnc_000054914638/?bc=100184670199
ＪＲ宇都宮線 古河駅 2階建 築3年,茨城県古河市諸川,ＪＲ宇都宮線/古河駅 車21分(10.3km),築3年,2階建,2階,4.6万円,4000円,-,-,1K,30.27m,https://suumo.jp/chintai/jnc_000054914636/?bc=100184670145
ＪＲ宇都宮線 古河駅 2階建 築3年,茨城県古河市諸川,ＪＲ宇都宮線/古河駅 車21分(10.3km),築3年,2階建,2階,4.6万円,4000円,-,-,ワンルーム,30.27m,https://suumo.jp/chintai/jnc_000054306523/?bc=100184669985
グレイスフル,埼玉県新座市東北２,"東武東上線/志木駅 歩11分,東武東上線/朝霞台駅 歩22分",築7年,5階建,2階,7.5万円,3500円,-,7.5万円,1K,27.91m,https://suumo.jp/chintai/jnc_000055110848/?bc=100185155786
グレイスフル,埼玉県新座市東北２,"東武東上線/志木駅 歩11分,東武東上線/朝霞台駅 歩22分",築7年,5階建,2階,8.2万円,3500円,-,8.2万円,1K,30.31m,https://suumo.jp/chintai/jnc_000055159698/?bc=100185119342
仮）坂東市辺田ＴＥアパート,茨城県坂東市辺田,関東鉄道常総線/水海道駅 歩119分,新築,2階建,2階,6万円,4000円,6万円,-,2LDK,55.46m,https://suumo.jp/chintai/jnc_000055151751/?bc=100184286231
仮）坂東市辺田ＴＥアパート,茨城県坂東市辺田,関東鉄道常総線/水海道駅 歩119分,新築,2階建,2階,6.2万円,4000円,6.2万円,-,2LDK,55.46m,https://suumo.jp/chintai/jnc_000055151750/?bc=100184286229
仮）坂東市辺田ＴＥアパート,茨城県坂東市辺田,関東鉄道常総線/水海道駅 歩119分,新築,2階建,2階,6.2万円,4000円,6.2万円,-,2LDK,55.46m,https://suumo.jp/chintai/jnc_000055151752/?bc=100184286239
ピースフルハイツ,茨城県神栖市大野原３,"ＪＲ成田線/小見川駅 歩87分,ＪＲ成田線/笹川駅 歩138分,ＪＲ成田線/水郷駅 歩121分",築31年,2階建,2階,4.5万円,2000円,4.5万円,-,3DK,46.37m,https://suumo.jp/chintai/jnc_000049512205/?bc=100026890492
ロメオ　エステ－トIII,茨城県神栖市深芝南２,ＪＲ鹿島線/鹿島神宮駅 歩101分,築17年,2階建,2階,5.3万円,2000円,-,-,3LDK,65.57m,https://suumo.jp/chintai/jnc_000054895219/?bc=100151799700
モノハウス,茨城県つくば市花畑２,"つくばエクスプレス/研究学園駅 歩80分,つくばエクスプレス/つくば駅 歩85分",築37年,2階建,2階,4万円,3000円,4万円,-,3DK,57.96m,https://suumo.jp/chintai/jnc_000055151737/?bc=100184318437
小田急小田原線 小田原駅 2階建 築4年,神奈川県足柄上郡大井町西大井,"小田急小田原線/小田原駅 歩111分,ＪＲ御殿場線/上大井駅 歩13分,小田急小田原線/新松田駅 歩41分",築4年,2階建,1-2階,9.8万円,-,19.6万円,-,5LDK,103.92m,https://suumo.jp/chintai/jnc_000055276478/?bc=100184796960
リヴィエールVＡ,群馬県高崎市箕郷町矢原,ＪＲ信越本線/群馬八幡駅 歩106分,築10年,2階建,2階,4.7万円,3000円,-,4.7万円,2LDK,55.81m,https://suumo.jp/chintai/jnc_000055242436/?bc=100184633026
ホロムアＡ,茨城県つくば市みどりの２,つくばエクスプレス/みどりの駅 歩12分,築4年,2階建,1階,6.3万円,2000円,-,6.3万円,1LDK,47.91m,https://suumo.jp/chintai/jnc_000055355035/?bc=100185106343
ホロムアＡ,茨城県つくば市みどりの２,つくばエクスプレス/みどりの駅 歩12分,築4年,2階建,1階,6.9万円,2000円,-,6.9万円,2LDK,60.69m,https://suumo.jp/chintai/jnc_000055304385/?bc=100184711474
キャッスルツクバMK,茨城県下妻市高道祖,関東鉄道常総線/下妻駅 歩96分,築23年,3階建,2階,5.3万円,-,5.3万円,-,1LDK,51m,https://suumo.jp/chintai/jnc_000054687869/?bc=100184303417
関東鉄道常総線 水海道駅 2階建 新築,茨城県坂東市辺田,関東鉄道常総線/水海道駅 歩116分,新築,2階建,2階,6.25万円,3000円,-,-,2LDK,55.68m,https://suumo.jp/chintai/jnc_000053238995/?bc=100184544411
関東鉄道常総線 水海道駅 2階建 新築,茨城県坂東市辺田,関東鉄道常総線/水海道駅 歩116分,新築,2階建,2階,6.25万円,3000円,-,-,2LDK,55.68m,https://suumo.jp/chintai/jnc_000053238993/?bc=100184544426
関東鉄道常総線 水海道駅 2階建 新築,茨城県坂東市辺田,関東鉄道常総線/水海道駅 歩116分,新築,2階建,2階,6.25万円,3000円,-,-,2LDK,55.68m,https://suumo.jp/chintai/jnc_000053238994/?bc=100184544431
関東鉄道常総線 水海道駅 2階建 新築,茨城県坂東市辺田,関東鉄道常総線/水海道駅 歩116分,新築,2階建,2階,6.4万円,3000円,-,-,2LDK,57.54m,https://suumo.jp/chintai/jnc_000053239002/?bc=100184544428
佐藤住宅,茨城県つくば市花畑３,つくばエクスプレス/つくば駅 歩73分,築43年,平屋,-,4.5万円,-,4.5万円,-,2DK,39.74m,https://suumo.jp/chintai/jnc_000055151738/?bc=100184303434
エレガンシアＡ,茨城県結城郡八千代町大字菅谷,関東鉄道常総線/下妻駅 歩102分,築13年,2階建,1階,4.7万円,2450円,-,-,1LDK,46.03m,https://suumo.jp/chintai/jnc_000044370004/?bc=100172311176
ノワール・パストラーレ,千葉県野田市関宿台町,"東武日光線/幸手駅 歩113分,東武日光線/南栗橋駅 歩133分,東武日光線/杉戸高野台駅 歩124分",築2年,2階建,1-2階,5.6万円,-,-,-,2LDK,56.57m,https://suumo.jp/chintai/jnc_000055050366/?bc=100143471209
グランドール　ソシア,茨城県神栖市土合南１,ＪＲ成田線/椎柴駅 歩65分,築7年,3階建,1階,7.7万円,4500円,-,7.7万円,3LDK,70.44m,https://suumo.jp/chintai/jnc_000054837213/?bc=100185178272
グランドール　ソシア,茨城県神栖市土合南１,ＪＲ成田線/椎柴駅 歩65分,築7年,3階建,1階,7.7万円,4500円,-,2万円,3LDK,67.71m,https://suumo.jp/chintai/jnc_000055197640/?bc=100184750741
ＪＲ成田線 銚子駅 3階建 築7年,茨城県神栖市土合南１,ＪＲ成田線/銚子駅 歩108分,築7年,3階建,2階,7.7万円,4500円,-,2万円,3LDK,67.71m,https://suumo.jp/chintai/jnc_000055226046/?bc=100149951406
レジデンスインフォンティーヌ,茨城県神栖市深芝,ＪＲ鹿島線/鹿島神宮駅 歩92分,築22年,2階建,1階,3.5万円,-,3.5万円,-,ワンルーム,31.05m,https://suumo.jp/chintai/jnc_000054505976/?bc=100185059720
アクア,茨城県神栖市深芝,"ＪＲ鹿島線/鹿島神宮駅 歩96分,ＪＲ鹿島線/延方駅 歩124分,ＪＲ成田線/水郷駅 歩152分",築19年,2階建,1階,4.6万円,2000円,-,-,2DK,44.34m,https://suumo.jp/chintai/jnc_000021944991/?bc=100184767627
リジェールフルールＣ,群馬県前橋市富士見町石井,ＪＲ上越線/八木原駅 歩93分,築17年,2階建,2階,4.3万円,850円,-,-,3DK,64.97m,https://suumo.jp/chintai/jnc_000055329553/?bc=100185119276
ウエストコート　ＷＥＳＴ　ＣＯＵＲＴ,茨城県古河市諸川,"ＪＲ宇都宮線/間々田駅 歩103分,ＪＲ宇都宮線/野木駅 歩105分",築12年,2階建,1-2階,5.4万円,3000円,-,-,2LDK,60m,https://suumo.jp/chintai/jnc_000043345232/?bc=100136330766
ウエストコート　ＷＥＳＴ　ＣＯＵＲＴ,茨城県古河市諸川,"ＪＲ宇都宮線/間々田駅 歩103分,ＪＲ宇都宮線/野木駅 歩105分",築12年,2階建,1-2階,5.4万円,3000円,-,-,2LDK,59.5m,https://suumo.jp/chintai/jnc_000055151681/?bc=100184994324
ハイツビジョン,茨城県稲敷郡阿見町中央７,"ＪＲ常磐線/土浦駅 歩82分,ＪＲ常磐線/荒川沖駅 歩77分",築33年,2階建,2階,1.9万円,2000円,1.9万円,-,1DK,24.92m,https://suumo.jp/chintai/jnc_000040498052/?bc=100184395016
レジデンスあすか,茨城県つくば市花畑１,つくばエクスプレス/つくば駅 歩75分,築40年,2階建,2階,1.8万円,2000円,-,-,1K,23.8m,https://suumo.jp/chintai/jnc_000053002937/?bc=100184303426
クレスト大夢Ｅ,栃木県大田原市北金丸,ＪＲ東北本線/西那須野駅 歩96分,築19年,2階建,2階,3.6万円,2000円,-,-,1K,24.71m,https://suumo.jp/chintai/jnc_000025822091/?bc=100184670825
ＪＲ宇都宮線 間々田駅 2階建 築4年,茨城県古河市東諸川,"ＪＲ宇都宮線/間々田駅 歩110分,ＪＲ宇都宮線/野木駅 歩111分",築4年,2階建,1-2階,5.7万円,3000円,-,-,2LDK,57.3m,https://suumo.jp/chintai/jnc_000055273133/?bc=100180787872
フロンド1,茨城県稲敷郡阿見町中央７,ＪＲ常磐線/土浦駅 歩82分,築32年,2階建,1階,4.3万円,-,4.3万円,-,2LDK,44.1m,https://suumo.jp/chintai/jnc_000045030381/?bc=100184712295
パレ・リヴィエールII,茨城県神栖市深芝南４,"ＪＲ鹿島線/鹿島神宮駅 歩96分,ＪＲ鹿島線/延方駅 歩130分,ＪＲ成田線/水郷駅 歩165分",築18年,2階建,2階,4.7万円,2000円,-,-,2LDK,51.79m,https://suumo.jp/chintai/jnc_000054226658/?bc=100184767632
関東鉄道常総線 下妻駅 2階建 築13年,茨城県結城郡八千代町大字菅谷,"関東鉄道常総線/下妻駅 歩102分,ＪＲ水戸線/結城駅 車22分(13.0km),ＪＲ宇都宮線/古河駅 車33分(17.5km)",築13年,2階建,1階,4.7万円,2450円,-,-,1LDK,48.03m,https://suumo.jp/chintai/jnc_000044454531/?bc=100137373151
田浦町一戸建て,神奈川県横須賀市田浦町５,"ＪＲ横須賀線/田浦駅 歩13分,京急本線/京急田浦駅 歩18分,京急本線/安針塚駅 歩26分",築99年以上,2階建,1-2階,7.5万円,-,-,-,4DK,96.33m,https://suumo.jp/chintai/jnc_000039511536/?bc=100118784036
つくばエクスプレス つくば駅 2階建 築12年,茨城県つくば市篠崎,"つくばエクスプレス/つくば駅 歩100分,つくばエクスプレス/研究学園駅 歩90分,つくばエクスプレス/万博記念公園駅 歩128分",築12年,2階建,-,5.4万円,3000円,-,-,2DK,53.87m,https://suumo.jp/chintai/jnc_000051149698/?bc=100157664225
スターテラス,群馬県高崎市上里見町,ＪＲ信越本線/群馬八幡駅 バス11分 (バス停)里見局前～剣崎 歩16分,築13年,2階建,2階,4.9万円,2500円,1万円,-,2LDK,54.45m,https://suumo.jp/chintai/jnc_000031701073/?bc=100112637314
サンライト若松　II,茨城県神栖市深芝南４,ＪＲ鹿島線/鹿島神宮駅 歩98分,築14年,2階建,1階,5.5万円,2000円,-,-,1LDK,46.49m,https://suumo.jp/chintai/jnc_000055334497/?bc=100185012062
ビレッジハウス奈良部2号棟,栃木県鹿沼市みなみ町,"ＪＲ宇都宮線/宇都宮駅 バス37分 (バス停)赤羽根交差点 歩25分,東武日光線/樅山駅 歩42分",築49年,5階建,5階,2万円,-,-,-,2K,33.51m,https://suumo.jp/chintai/jnc_000055197704/?bc=100185098191
ウィンディ　2号館　12号室,群馬県佐波郡玉村町大字五料,ＪＲ高崎線/新町駅 歩84分,築28年,2階建,1階,3.3万円,-,3.3万円,-,2DK,39.62m,https://suumo.jp/chintai/jnc_000055273346/?bc=100184783658
マルベリー,群馬県前橋市関根町３,ＪＲ両毛線/前橋駅 歩88分,築25年,2階建,2階,4.2万円,1600円,-,-,1LDK,46.13m,https://suumo.jp/chintai/jnc_000054573827/?bc=100184892831
メゾンクラシードII,茨城県坂東市沓掛,関東鉄道常総線/石下駅 歩99分,築13年,2階建,1-2階,5万円,3000円,10万円,-,2LDK,52.99m,https://suumo.jp/chintai/jnc_000054699564/?bc=100184292720
信濃荘１,東京都三鷹市新川６,ＪＲ中央線/吉祥寺駅 バス10分 (バス停)三鷹第１小前 歩2分,築99年以上,2階建,2階,4.5万円,-,4.5万円,4.5万円,1K,16.39m,https://suumo.jp/chintai/jnc_000013587956/?bc=100158148055
シャリオ・つくば,茨城県つくば市田中,関東鉄道常総線/下妻駅 歩99分,築13年,2階建,1-2階,5.3万円,3000円,-,-,2DK,53m,https://suumo.jp/chintai/jnc_000054188788/?bc=100184836275
シャリオ・つくば　II,茨城県つくば市田中,関東鉄道常総線/下妻駅 歩99分,築13年,2階建,1-2階,5.5万円,3000円,-,-,2LDK,56.77m,https://suumo.jp/chintai/jnc_000055280384/?bc=100161210586
サンヒルズIII,埼玉県久喜市菖蒲町三箇,ＪＲ宇都宮線/久喜駅 歩95分,築17年,2階建,2階,6万円,3000円,-,-,2DK,51.67m,https://suumo.jp/chintai/jnc_000053439273/?bc=100184836641
カーサ・ドルチェ,茨城県神栖市日川,ＪＲ鹿島線/鹿島神宮駅 バス55分 (バス停)日川一番 歩10分,築8年,2階建,1階,5.4万円,3000円,5.4万円,-,1LDK,44.95m,https://suumo.jp/chintai/jnc_000013064922/?bc=100184918266
ビレッジハウス奈良部１号棟,栃木県鹿沼市みなみ町,ＪＲ宇都宮線/宇都宮駅 バス37分 (バス停)赤羽根交差点 歩25分,築49年,5階建,1階,2.6万円,-,-,-,2K,33.51m,https://suumo.jp/chintai/jnc_000055321087/?bc=100184974509
ディーセント・ハウス,栃木県宇都宮市清原台１,"ＪＲ宇都宮線/岡本駅 歩98分,ＪＲ宇都宮線/宇都宮駅 バス50分 (バス停)清原台入口 歩3分",築12年,2階建,2階,6.15万円,2000円,-,6.15万円,1LDK,46.09m,https://suumo.jp/chintai/jnc_000055015790/?bc=100185145436
シマダハイツB,茨城県つくば市下広岡,"つくばエクスプレス/つくば駅 歩81分,ＪＲ常磐線/荒川沖駅 歩63分",築28年,2階建,2階,3.5万円,2000円,-,-,1K,19.8m,https://suumo.jp/chintai/jnc_000013052558/?bc=100185113772
ハイムプラネット,茨城県桜川市真壁町白井,ＪＲ水戸線/新治駅 歩99分,築11年,2階建,1-2階,5.1万円,3000円,-,-,2LDK,56.5m,https://suumo.jp/chintai/jnc_000015106509/?bc=100184801013
向島5丁目長屋,東京都墨田区向島５,"東武伊勢崎線/曳舟駅 歩8分,京成押上線/京成曳舟駅 歩15分,京成押上線/押上駅 歩17分",築99年以上,2階建,-,10万円,-,10万円,10万円,3LDK,60.37m,https://suumo.jp/chintai/jnc_000054004940/?bc=100184787042
ロイヤルマンションZERO,群馬県前橋市龍蔵寺町,"ＪＲ上越線/群馬総社駅 歩68分,上毛電鉄/中央前橋駅 歩47分,上毛電鉄/城東駅 歩50分",築39年,3階建,3階,2.9万円,-,-,-,2DK,38.88m,https://suumo.jp/chintai/jnc_000040114379/?bc=100185098639
ＪＲ成田線 小見川駅 3階建 築4年,茨城県神栖市大野原８,ＪＲ成田線/小見川駅 歩106分,築4年,3階建,2階,5.6万円,2000円,5.6万円,5.6万円,1LDK,40.15m,https://suumo.jp/chintai/jnc_000055273187/?bc=100184780115
ＪＲ成田線 小見川駅 3階建 築4年,茨城県神栖市大野原８,ＪＲ成田線/小見川駅 歩106分,築4年,3階建,2階,5.7万円,2000円,5.7万円,5.7万円,1LDK,40.15m,https://suumo.jp/chintai/jnc_000055273188/?bc=100184780109
サクセス,茨城県神栖市大野原８,ＪＲ成田線/小見川駅 歩106分,築4年,3階建,2階,5.6万円,2000円,5.6万円,5.6万円,1LDK,40.15m,https://suumo.jp/chintai/jnc_000021784870/?bc=100184929569
サクセス,茨城県神栖市大野原８,ＪＲ成田線/小見川駅 歩106分,築4年,3階建,2階,5.7万円,2000円,5.7万円,5.7万円,1LDK,40.15m,https://suumo.jp/chintai/jnc_000021784879/?bc=100184929546
ＭハイツB棟,群馬県前橋市富士見町小暮,"上毛電鉄/心臓血管センター駅 歩85分,上毛電鉄/江木駅 歩84分,前橋/鳥居下 歩10分",築22年,2階建,1階,3.9万円,3000円,-,-,2LDK,53.71m,https://suumo.jp/chintai/jnc_000054593288/?bc=100185098326
ＪＲ常磐線 水戸駅 2階建 築15年,茨城県東茨城郡茨城町大字長岡,ＪＲ常磐線/水戸駅 歩93分,築15年,2階建,2階,4.1万円,3000円,-,-,1K,28.65m,https://suumo.jp/chintai/jnc_000055361873/?bc=100185138070
Ｉ’sベルポート,群馬県高崎市金古町,ＪＲ信越本線/北高崎駅 歩95分,築13年,2階建,1階,4.3万円,3000円,4.3万円,-,1K,29.75m,https://suumo.jp/chintai/jnc_000053407334/?bc=100185176501
中村貸家,千葉県茂原市台田,"ＪＲ外房線/茂原駅 歩72分,ＪＲ外房線/新茂原駅 歩98分",築35年,2階建,-,5.5万円,-,5.5万円,11万円,4DK,126.69m,https://suumo.jp/chintai/jnc_000055217826/?bc=100184536653
セルシオール２,埼玉県熊谷市妻沼中央,ＪＲ高崎線/籠原駅 歩98分,築11年,2階建,2階,6万円,-,-,-,2LDK,65m,https://suumo.jp/chintai/jnc_000031666204/?bc=100184691941
オネストイズミヤＡ,栃木県小山市大字羽川,"ＪＲ宇都宮線/小山駅 バス29分 (バス停)橿原神社南 歩3分,東北新幹線/小山駅 バス29分 (バス停)橿原神社南 歩3分",築21年,2階建,2階,3.6万円,2500円,-,-,2DK,47.23m,https://suumo.jp/chintai/jnc_000055361966/?bc=100185118197
サニーハイツA棟,埼玉県比企郡吉見町大字下細谷,"ＪＲ高崎線/鴻巣駅 歩78分,東武東上線/東松山駅 歩66分,東武東上線/高坂駅 歩95分",築30年,2階建,1階,4.3万円,3000円,-,-,2DK,40.92m,https://suumo.jp/chintai/jnc_000050696678/?bc=100184358511
レジデンス三里塚I,千葉県成田市西三里塚,ＪＲ成田線/成田駅 歩80分,築28年,2階建,1階,4.5万円,-,4.5万円,-,2DK,39.66m,https://suumo.jp/chintai/jnc_000051173252/?bc=100184780419
ＪＲ宇都宮線 宇都宮駅 3階建 築11年,栃木県宇都宮市ゆいの杜５,"ＪＲ宇都宮線/宇都宮駅 バス30分 (バス停)野高谷 歩5分,ＪＲ烏山線/宝積寺駅 車24分(11.5km),東武宇都宮線/東武宇都宮駅 車30分(13.9km)",築11年,3階建,2階,6.4万円,-,-,-,1LDK,46.07m,https://suumo.jp/chintai/jnc_000051629498/?bc=100184939469
ＪＲ成田線 小見川駅 2階建 築18年,茨城県神栖市大野原１,ＪＲ成田線/小見川駅 歩90分,築18年,2階建,1階,6.3万円,2000円,6.3万円,-,2LDK,64.7m,https://suumo.jp/chintai/jnc_000055144213/?bc=100165578943
よしの荘　A,茨城県つくば市要,つくばエクスプレス/つくば駅 歩66分,築41年,2階建,1階,2.5万円,-,2.5万円,-,2DK,39.74m,https://suumo.jp/chintai/jnc_000055257819/?bc=100184711375
グランデ・フォレスタ　Ｂ,栃木県小山市大字横倉,ＪＲ宇都宮線/小山駅 歩94分,築12年,2階建,2階,5.25万円,2500円,-,2.63万円,1DK,29.25m,https://suumo.jp/chintai/jnc_000055110540/?bc=100184582445
フェリーズ　ファミリアＡ,茨城県筑西市海老ヶ島,ＪＲ水戸線/下館駅 歩99分,築8年,2階建,1-2階,5.6万円,3000円,-,-,2LDK,56.9m,https://suumo.jp/chintai/jnc_000029688249/?bc=100184580786
坂田邸,東京都目黒区目黒本町４,"東急目黒線/武蔵小山駅 歩12分,東急目黒線/西小山駅 歩11分",築96年,2階建,1階,6.8万円,2000円,6.8万円,6.8万円,ワンルーム,24m,https://suumo.jp/chintai/jnc_000042937152/?bc=100131273375
メゾン新川口　西棟,東京都八王子市川口町,"ＪＲ中央線/西八王子駅 歩60分,ＪＲ中央線/八王子駅 歩78分,京王線/京王八王子駅 歩78分",築47年,3階建,1階,3万円,3000円,-,-,1K,28m,https://suumo.jp/chintai/jnc_000055186883/?bc=100184419438
プリムローズII,茨城県神栖市大野原１,ＪＲ鹿島線/鹿島神宮駅 バス35分 (バス停)鹿島セントラルホテル 歩25分,築46年,5階建,5階,3.5万円,-,-,-,3DK,44.02m,https://suumo.jp/chintai/jnc_000055273184/?bc=100184793118
プリムローズII,茨城県神栖市大野原１,ＪＲ鹿島線/鹿島神宮駅 バス35分 (バス停)鹿島セントラルホテル 歩25分,築46年,5階建,5階,3.5万円,-,-,-,3DK,44.02m,https://suumo.jp/chintai/jnc_000055273185/?bc=100184793120
プリムローズII,茨城県神栖市大野原１,ＪＲ鹿島線/鹿島神宮駅 バス35分 (バス停)鹿島セントラルホテル 歩25分,築46年,5階建,5階,3.6万円,-,-,-,3DK,44.02m,https://suumo.jp/chintai/jnc_000055273181/?bc=100184793121
プリムローズII,茨城県神栖市大野原１,ＪＲ鹿島線/鹿島神宮駅 バス35分 (バス停)鹿島セントラルホテル 歩25分,築46年,5階建,5階,3.6万円,-,-,-,3DK,44.02m,https://suumo.jp/chintai/jnc_000055273182/?bc=100184793123
プリムローズII,茨城県神栖市大野原１,ＪＲ鹿島線/鹿島神宮駅 バス35分 (バス停)鹿島セントラルホテル 歩25分,築46年,5階建,5階,3.6万円,-,-,-,3DK,44.02m,https://suumo.jp/chintai/jnc_000055273183/?bc=100184793126
プリムローズII,茨城県神栖市大野原１,ＪＲ鹿島線/鹿島神宮駅 バス35分 (バス停)鹿島セントラルホテル 歩25分,築46年,5階建,5階,3.7万円,-,-,-,3DK,44.02m,https://suumo.jp/chintai/jnc_000055273180/?bc=100184793125
メゾン・ド・Ｙ．Ｎ．Ｉ　II,茨城県鹿嶋市旭ケ丘１,ＪＲ鹿島線/鹿島神宮駅 歩87分,築17年,2階建,1階,5万円,2500円,-,-,2LDK,51.79m,https://suumo.jp/chintai/jnc_000055242247/?bc=100184717291
コリーヌメゾン,群馬県高崎市箕郷町矢原,"ＪＲ上越線/群馬総社駅 歩99分,ＪＲ高崎線/高崎駅 車26分(12.6km)",築7年,2階建,2階,5万円,3000円,-,5.3万円,2LDK,57.64m,https://suumo.jp/chintai/jnc_000026389066/?bc=100184447130
メゾンフロレアル,茨城県つくば市花畑１,つくばエクスプレス/つくば駅 歩78分,築24年,2階建,2階,4.3万円,2000円,4.3万円,-,2DK,45.11m,https://suumo.jp/chintai/jnc_000055334494/?bc=100185113761
ＢＥＬＬＥ　ＤＥＭＥＵＲＥ,茨城県古河市諸川,ＪＲ宇都宮線/古河駅 バス30分 (バス停)明神下 歩15分,築8年,2階建,1-2階,5.5万円,3000円,-,-,2LDK,56.3m,https://suumo.jp/chintai/jnc_000055151680/?bc=100184292745
エヴァーグリーン本千葉,千葉県千葉市中央区市場町,"ＪＲ外房線/本千葉駅 歩7分,ＪＲ総武線/千葉駅 歩20分,ＪＲ京葉線/千葉みなと駅 歩29分",築34年,5階建,2階,6.5万円,-,-,-,1LDK,41.5m,https://suumo.jp/chintai/jnc_000054270803/?bc=100184681601
ナッツ　Ｃ棟,群馬県高崎市中里見町,ＪＲ信越本線/安中駅 歩77分,築28年,2階建,1階,4万円,-,4万円,-,2DK,39.47m,https://suumo.jp/chintai/jnc_000055298436/?bc=100184886076
京成本線 京成成田駅 2階建 新築,千葉県富里市立沢新田,"京成本線/京成成田駅 歩103分,京成本線/公津の杜駅 歩84分,ＪＲ成田線/成田空港駅 歩141分",新築,2階建,1階,5.8万円,3000円,5.8万円,-,1LDK,46m,https://suumo.jp/chintai/jnc_000051671811/?bc=100185140493
京成本線 京成成田駅 2階建 新築,千葉県富里市立沢新田,"京成本線/京成成田駅 歩103分,京成本線/公津の杜駅 歩84分,ＪＲ成田線/成田空港駅 歩141分",新築,2階建,1階,6.4万円,3000円,6.4万円,-,2LDK,57.81m,https://suumo.jp/chintai/jnc_000051671818/?bc=100185140484
アルカディア,茨城県神栖市深芝,鹿島臨海鉄道/鹿島神宮駅 バス32分 (バス停)鹿島セントラルホテル 歩62分,築11年,2階建,1階,4.5万円,3000円,4.5万円,-,1K,29.75m,https://suumo.jp/chintai/jnc_000055267408/?bc=100184967559
せせらぎハイツ,群馬県富岡市藤木,"ＪＲ信越本線/安中駅 歩69分,上信電鉄/東富岡駅 歩69分,上信電鉄/上州福島駅 歩76分",築32年,平屋,1階,4.5万円,2000円,4.5万円,-,3DK,49.68m,https://suumo.jp/chintai/jnc_000055362057/?bc=100185139259
せせらぎハイツ,群馬県富岡市藤木,"ＪＲ信越本線/安中駅 歩69分,上信電鉄/東富岡駅 歩69分,上信電鉄/上州福島駅 歩76分",築32年,平屋,1階,4.5万円,2000円,4.5万円,-,3DK,49.68m,https://suumo.jp/chintai/jnc_000055312554/?bc=100184945850
せせらぎハイツ,群馬県富岡市藤木,"ＪＲ信越本線/安中駅 歩69分,上信電鉄/東富岡駅 歩69分,上信電鉄/上州福島駅 歩76分",築32年,平屋,1階,4.5万円,2000円,4.5万円,-,3DK,49.68m,https://suumo.jp/chintai/jnc_000055362058/?bc=100185139258
佐藤荘,東京都三鷹市中原３,"ＪＲ中央線/三鷹駅 歩52分,京王線/つつじヶ丘駅 歩23分,京王線/仙川駅 歩23分",築53年,2階建,2階,5.4万円,1000円,5.4万円,-,1K,22.34m,https://suumo.jp/chintai/jnc_000051059387/?bc=100184329088
エレガンシアＨ,茨城県結城郡八千代町大字菅谷,関東鉄道常総線/下妻駅 歩98分,築6年,2階建,2階,5.7万円,2500円,-,-,2LDK,58.78m,https://suumo.jp/chintai/jnc_000022211835/?bc=100184670163
エレガンシアＨ,茨城県結城郡八千代町大字菅谷,関東鉄道常総線/下妻駅 歩98分,築6年,2階建,2階,5.7万円,2500円,-,-,2LDK,58.78m,https://suumo.jp/chintai/jnc_000055206099/?bc=100184484949
増田方,東京都品川区荏原７,"東急目黒線/西小山駅 歩9分,東急大井町線/旗の台駅 歩11分,東急目黒線/洗足駅 歩10分",築95年,2階建,1階,11万円,-,11万円,11万円,2K,45.75m,https://suumo.jp/chintai/jnc_000055258968/?bc=100184745737
武山邸貸家,千葉県茂原市粟生野,"ＪＲ外房線/大網駅 歩83分,ＪＲ外房線/永田駅 歩66分,ＪＲ外房線/本納駅 歩73分",築20年,平屋,1階,6.2万円,-,6.2万円,6.2万円,3DK,61.27m,https://suumo.jp/chintai/jnc_000055198445/?bc=100184475395
ABEND,茨城県つくば市篠崎,つくばエクスプレス/研究学園駅 歩92分,築12年,2階建,1-2階,6.2万円,3000円,-,-,2DK,52m,https://suumo.jp/chintai/jnc_000051396621/?bc=100164430548
アゼリアコート,神奈川県平塚市豊田宮下,"ＪＲ東海道本線/大磯駅 歩79分,ＪＲ東海道本線/平塚駅 バス14分 (バス停)豊田本郷駅 歩4分,小田急小田原線/伊勢原駅 バス16分 (バス停)豊田本郷駅 歩4分",築23年,4階建,2階,6.8万円,6000円,-,-,4LDK,70.76m,https://suumo.jp/chintai/jnc_000055105608/?bc=100184686913
サンパレス,茨城県神栖市深芝,鹿島臨海鉄道/鹿島神宮駅 バス32分 (バス停)鹿島セントラルホテル 歩56分,築14年,2階建,2階,5.6万円,3000円,5.6万円,-,1LDK,44.62m,https://suumo.jp/chintai/jnc_000040465613/?bc=100121978612
エルディム若月Ｄ,栃木県小山市大字横倉新田,"ＪＲ宇都宮線/小山駅 バス17分 (バス停)とりせん小山東店 歩7分,東北新幹線/小山駅 バス17分 (バス停)とりせん小山東店 歩7分",築30年,2階建,2階,3.9万円,3500円,-,-,3DK,54.54m,https://suumo.jp/chintai/jnc_000055206201/?bc=100184728187
シュティル・ブリーゼ　Ａ,群馬県高崎市箕郷町生原,"ＪＲ上越線/群馬総社駅 歩91分,ＪＲ信越本線/群馬八幡駅 歩95分,ＪＲ上越線/井野駅 歩100分",築12年,2階建,1階,4.3万円,2000円,-,-,2DK,42.98m,https://suumo.jp/chintai/jnc_000055083445/?bc=100184793631
コンフォートレジデンス花畑,茨城県つくば市花畑３,つくばエクスプレス/つくば駅 歩71分,築32年,3階建,3階,4.7万円,3000円,-,-,2DK,46.17m,https://suumo.jp/chintai/jnc_000049685490/?bc=100184303400
コンフォートレジデンス花畑,茨城県つくば市花畑３,つくばエクスプレス/つくば駅 歩71分,築32年,3階建,3階,4.8万円,3000円,-,-,2DK,46.17m,https://suumo.jp/chintai/jnc_000050407094/?bc=100184303386
ＪＲ上越線 群馬総社駅 2階建 築12年,群馬県高崎市箕郷町生原,"ＪＲ上越線/群馬総社駅 歩91分,ＪＲ信越本線/群馬八幡駅 歩95分,ＪＲ上越線/井野駅 歩100分",築12年,2階建,2階,5.4万円,2000円,-,-,2LDK,54.85m,https://suumo.jp/chintai/jnc_000054349658/?bc=100184767330
セントラルタウン,茨城県神栖市神栖２,"ＪＲ成田線/小見川駅 歩101分,ＪＲ成田線/笹川駅 歩152分,ＪＲ鹿島線/鹿島神宮駅 歩115分",築2年,2階建,2階,6万円,2000円,6万円,6万円,1LDK,36.02m,https://suumo.jp/chintai/jnc_000037110097/?bc=100109084562
エコハイツひたち野II,茨城県土浦市高岡,"ＪＲ常磐線/土浦駅 歩99分,つくばエクスプレス/研究学園駅 車25分(10.4km),つくばエクスプレス/つくば駅 車15分(8.9km)",築4年,2階建,1階,5.4万円,3000円,5.4万円,2.7万円,1LDK,43.21m,https://suumo.jp/chintai/jnc_000055312370/?bc=100184955251
パークウッドＢ,群馬県前橋市富士見町原之郷,ＪＲ両毛線/前橋駅 歩78分,築23年,2階建,2階,3.9万円,1500円,-,-,3DK,53.82m,https://suumo.jp/chintai/jnc_000050059074/?bc=100142229865
ライフノート 2,栃木県宇都宮市中里町,"ＪＲ宇都宮線/氏家駅 歩91分,南コース/消防学校前 歩8分",築11年,2階建,2階,4.8万円,2500円,-,-,2LDK,58.48m,https://suumo.jp/chintai/jnc_000039773251/?bc=100184395563
ラフレシールII,群馬県沼田市白沢町上古語父,ＪＲ上越線/沼田駅 歩95分,築6年,2階建,1階,5.2万円,2500円,-,-,1LDK,50.05m,https://suumo.jp/chintai/jnc_000024563347/?bc=100184632937
ヨネ・アトリオI,栃木県鹿沼市茂呂,"東武宇都宮線/西川田駅 歩81分,ＪＲ日光線/鶴田駅 歩76分,東武日光線/樅山駅 歩82分",築18年,2階建,1階,5.5万円,-,27.5万円,-,3LDK,69.87m,https://suumo.jp/chintai/jnc_000055298374/?bc=100184878022
ＪＲ鹿島線 鹿島神宮駅 2階建 築13年,茨城県神栖市深芝,ＪＲ鹿島線/鹿島神宮駅 歩90分,築13年,2階建,2階,5.5万円,3500円,5.5万円,-,1LDK,43.75m,https://suumo.jp/chintai/jnc_000055273191/?bc=100184929584
関東鉄道常総線 下妻駅 2階建 築6年,茨城県結城郡八千代町大字菅谷,"関東鉄道常総線/下妻駅 歩96分,ＪＲ水戸線/結城駅 車23分(12.9km),ＪＲ宇都宮線/古河駅 車36分(17.7km)",築6年,2階建,2階,5.7万円,2500円,-,-,2LDK,58.78m,https://suumo.jp/chintai/jnc_000055217135/?bc=100184530595
正栄プラザ,東京都品川区南大井６,"ＪＲ京浜東北線/大森駅 歩2分,京急本線/大森海岸駅 歩9分,京急本線/立会川駅 歩22分",築99年以上,10階建,7階,12.8万円,-,12.8万円,-,2DK,35.12m,https://suumo.jp/chintai/jnc_000055208577/?bc=100184492881
レジデンスつくほ,茨城県つくば市筑穂２,"つくばエクスプレス/研究学園駅 歩82分,つくばエクスプレス/つくば駅 車15分(6.7km),つくばエクスプレス/万博記念公園駅 車20分(10.0km)",築20年,3階建,1階,6.3万円,3000円,6.3万円,-,2LDK,55.5m,https://suumo.jp/chintai/jnc_000054762855/?bc=100184600470
ルネサンス曙,茨城県稲敷郡阿見町大字曙,ＪＲ常磐線/荒川沖駅 歩75分,築27年,2階建,2階,2.3万円,-,-,-,1K,19.87m,https://suumo.jp/chintai/jnc_000055334501/?bc=100184994385
ルネサンス曙,茨城県稲敷郡阿見町大字曙,ＪＲ常磐線/荒川沖駅 歩75分,築27年,2階建,2階,2.3万円,3500円,-,-,1K,19.87m,https://suumo.jp/chintai/jnc_000055334500/?bc=100184994390
ルネサンス曙,茨城県稲敷郡阿見町大字曙,ＪＲ常磐線/荒川沖駅 歩75分,築27年,2階建,2階,2.3万円,3500円,-,-,1K,19.87m,https://suumo.jp/chintai/jnc_000055334504/?bc=100185025666
ルネサンス曙,茨城県稲敷郡阿見町大字曙,ＪＲ常磐線/荒川沖駅 歩75分,築27年,2階建,2階,2.3万円,3500円,-,-,1K,19.87m,https://suumo.jp/chintai/jnc_000055334499/?bc=100184994389
ルネサンス曙,茨城県稲敷郡阿見町大字曙,ＪＲ常磐線/荒川沖駅 歩75分,築27年,2階建,2階,2.3万円,3500円,-,-,1K,19.87m,https://suumo.jp/chintai/jnc_000055334502/?bc=100185025667
ルネサンス曙,茨城県稲敷郡阿見町大字曙,ＪＲ常磐線/荒川沖駅 歩75分,築27年,2階建,2階,3.5万円,-,3.5万円,3.5万円,1K,19.87m,https://suumo.jp/chintai/jnc_000055334505/?bc=100185025672
ルネサンス曙,茨城県稲敷郡阿見町大字曙,ＪＲ常磐線/荒川沖駅 歩75分,築27年,2階建,2階,3.5万円,-,3.5万円,3.5万円,1K,19.87m,https://suumo.jp/chintai/jnc_000055334503/?bc=100185025668
ルネサンス曙,茨城県稲敷郡阿見町大字曙,ＪＲ常磐線/荒川沖駅 歩75分,築27年,2階建,2階,3.5万円,-,3.5万円,3.5万円,1K,19.87m,https://suumo.jp/chintai/jnc_000055334506/?bc=100184994386
ウィンクルム,茨城県古河市水海,"ＪＲ宇都宮線/古河駅 歩97分,ＪＲ宇都宮線/栗橋駅 歩94分,東武日光線/南栗橋駅 歩108分",築2年,2階建,1-2階,5.6万円,3000円,-,-,2LDK,60m,https://suumo.jp/chintai/jnc_000041409129/?bc=100127534412
パルハイムＳＵＧＩ,群馬県邑楽郡板倉町大字岩田,"東武日光線/板倉東洋大前駅 歩79分,東武伊勢崎線/茂林寺前駅 歩86分,東武伊勢崎線/川俣駅 歩89分",築23年,2階建,1階,2.9万円,-,5.8万円,-,1K,26.49m,https://suumo.jp/chintai/jnc_000054142133/?bc=100183898310
ＪＲ成田線 下総橘駅 2階建 新築,茨城県神栖市知手中央５,"ＪＲ成田線/下総橘駅 歩101分,ＪＲ成田線/小見川駅 歩164分,ＪＲ鹿島線/鹿島神宮駅 歩212分",新築,2階建,1階,6万円,3000円,6万円,6万円,1LDK,40.07m,https://suumo.jp/chintai/jnc_000055173578/?bc=100184918287
グレイス　Ｍ－Ｂ,茨城県水戸市平須町,ＪＲ常磐線/水戸駅 バス20分 (バス停)寿小学校前 歩2分,築3年,2階建,2階,6.6万円,1500円,-,6.6万円,2LDK,55.1m,https://suumo.jp/chintai/jnc_000054978380/?bc=100184778012
エルシスつくば,茨城県つくば市今鹿島,つくばエクスプレス/研究学園駅 歩79分,築23年,2階建,1階,3.2万円,2000円,-,-,1K,23.6m,https://suumo.jp/chintai/jnc_000055151727/?bc=100184303391
エルシスつくば,茨城県つくば市今鹿島,つくばエクスプレス/研究学園駅 歩79分,築23年,2階建,1階,3.4万円,2000円,-,-,1K,23.6m,https://suumo.jp/chintai/jnc_000055151730/?bc=100184303409
エルシスつくば,茨城県つくば市今鹿島,つくばエクスプレス/研究学園駅 歩79分,築23年,2階建,1階,3.5万円,2000円,-,-,1K,23.6m,https://suumo.jp/chintai/jnc_000055151726/?bc=100184303402
エルシスつくば,茨城県つくば市今鹿島,つくばエクスプレス/研究学園駅 歩79分,築23年,2階建,1階,3.5万円,2000円,-,-,1K,23.6m,https://suumo.jp/chintai/jnc_000055151729/?bc=100184303342
エルシスつくば,茨城県つくば市今鹿島,つくばエクスプレス/研究学園駅 歩79分,築23年,2階建,1階,3.5万円,2000円,-,-,1K,23.6m,https://suumo.jp/chintai/jnc_000055151725/?bc=100184303443
エルシスつくば,茨城県つくば市今鹿島,つくばエクスプレス/研究学園駅 歩79分,築23年,2階建,1階,3.6万円,2000円,-,-,1K,23.6m,https://suumo.jp/chintai/jnc_000055151728/?bc=100184303397
エルシスつくば,茨城県つくば市今鹿島,つくばエクスプレス/研究学園駅 歩79分,築23年,2階建,1階,3.8万円,2000円,-,-,1DK,32.63m,https://suumo.jp/chintai/jnc_000055151724/?bc=100184303393
シャルマンコーポ弐番館,栃木県鹿沼市上石川,"ＪＲ日光線/鹿沼駅 歩81分,ＪＲ日光線/鶴田駅 歩74分,東武日光線/新鹿沼駅 歩91分",築20年,2階建,2階,3.5万円,2500円,3.5万円,-,2DK,42.8m,https://suumo.jp/chintai/jnc_000017910487/?bc=100185042032
ＪＲ常磐線 水戸駅 2階建 築5年,茨城県東茨城郡茨城町大字長岡,"ＪＲ常磐線/水戸駅 歩97分,ＪＲ常磐線/赤塚駅 歩125分,鹿島臨海鉄道/東水戸駅 歩113分",築5年,2階建,1階,4.8万円,3000円,4.8万円,2.4万円,1LDK,35m,https://suumo.jp/chintai/jnc_000055151760/?bc=100155425759
RIN-NE,茨城県神栖市堀割３,ＪＲ鹿島線/鹿島神宮駅 歩81分,築21年,2階建,2階,4.2万円,-,4.2万円,-,1DK,34.03m,https://suumo.jp/chintai/jnc_000055226061/?bc=100099025931
さつき荘,東京都三鷹市中原４,"ＪＲ中央線/三鷹駅 歩59分,京王線/つつじヶ丘駅 歩19分,京王線/柴崎駅 歩19分",築43年,2階建,2階,4.5万円,1000円,4.5万円,4.5万円,1DK,26.49m,https://suumo.jp/chintai/jnc_000026454835/?bc=100184328983
クレア,群馬県高崎市箕郷町生原,ＪＲ上越線/井野駅 歩87分,築13年,2階建,1階,4.4万円,3500円,4.4万円,-,1LDK,36m,https://suumo.jp/chintai/jnc_000036879744/?bc=100185176502
パール・ブラウンＡ,茨城県結城郡八千代町大字菅谷,関東鉄道常総線/下妻駅 歩95分,築6年,3階建,1階,5.3万円,2000円,-,-,2LDK,56.84m,https://suumo.jp/chintai/jnc_000055334507/?bc=100185011369
メゾンパルク,茨城県つくば市東２,"つくばエクスプレス/つくば駅 歩61分,ＪＲ常磐線/荒川沖駅 歩64分,つくばエクスプレス/研究学園駅 歩70分",築40年,2階建,2階,2.4万円,3000円,-,-,1K,23.1m,https://suumo.jp/chintai/jnc_000043536239/?bc=100184498441
アーバンヒル都和,茨城県土浦市並木５,ＪＲ常磐線/土浦駅 バス25分 (バス停)都和小 歩5分,築26年,2階建,1階,2.8万円,2000円,-,-,1K,23m,https://suumo.jp/chintai/jnc_000055329470/?bc=100185001805
アーバンヒル都和,茨城県土浦市並木５,ＪＲ常磐線/土浦駅 バス25分 (バス停)都和小 歩5分,築26年,2階建,1階,3万円,3000円,-,-,1K,23m,https://suumo.jp/chintai/jnc_000055334477/?bc=100185026838
ＨＯＭＥ・Ｙ,群馬県前橋市川原町１,"ＪＲ両毛線/前橋駅 歩73分,ＪＲ上越線/群馬総社駅 歩39分",築26年,2階建,1階,4.2万円,1790円,-,-,1LDK,47.23m,https://suumo.jp/chintai/jnc_000033800674/?bc=100184796643
NKビル,東京都三鷹市中原１,"ＪＲ中央線/三鷹駅 歩62分,ＪＲ中央線/吉祥寺駅 歩64分,京王線/仙川駅 歩10分",築38年,4階建,4階,7.4万円,3000円,7.4万円,7.4万円,2DK,33.45m,https://suumo.jp/chintai/jnc_000053133097/?bc=100184329454
高村団地33号棟,神奈川県平塚市高村,"ＪＲ東海道本線/大磯駅 歩56分,小田急小田原線/東海大学前駅 車20分(8.1km),ＪＲ東海道本線/平塚駅 バス20分 (バス停)高村団地入口 歩4分",築43年,5階建,2階,6万円,-,-,-,3DK,54.38m,https://suumo.jp/chintai/jnc_000054909879/?bc=100184686877
ビレッジハウス深谷1号棟,埼玉県深谷市江原,"ＪＲ高崎線/深谷駅 歩78分,ＪＲ高崎線/籠原駅 歩75分,東武伊勢崎線/木崎駅 歩83分",築21年,5階建,2階,3.9万円,-,-,-,2LDK,53.5m,https://suumo.jp/chintai/jnc_000055206668/?bc=100184564620
アーバン３３,群馬県前橋市荒牧町,ＪＲ両毛線/前橋駅 歩75分,築24年,2階建,2階,4.5万円,1740円,-,-,2LDK,58.12m,https://suumo.jp/chintai/jnc_000053786431/?bc=100184696122
ブラン・メゾンＢ,群馬県高崎市箕郷町西明屋,ＪＲ信越本線/群馬八幡駅 歩86分,築14年,2階建,2階,4.6万円,3000円,-,4.6万円,1LDK,42.11m,https://suumo.jp/chintai/jnc_000055312539/?bc=100184951970
ＪＲ宇都宮線 小山駅 2階建 築22年,茨城県結城市みどり町１,"ＪＲ宇都宮線/小山駅 歩75分,ＪＲ水戸線/小田林駅 歩18分,ＪＲ水戸線/東結城駅 歩38分",築22年,2階建,1階,3.95万円,1500円,3.95万円,-,2DK,46.06m,https://suumo.jp/chintai/jnc_000032390618/?bc=100185129590
バリュージュ・ガイヤＢ,栃木県宇都宮市野沢町,"東武宇都宮線/東武宇都宮駅 歩81分,ＪＲ宇都宮線/宇都宮駅 歩98分,東武宇都宮線/南宇都宮駅 歩103分",築18年,2階建,2階,5.1万円,3000円,5.1万円,-,2LDK,57.8m,https://suumo.jp/chintai/jnc_000050804282/?bc=100184761467
メルシャン中町,群馬県伊勢崎市中町,"東武伊勢崎線/新伊勢崎駅 歩60分,東武伊勢崎線/剛志駅 歩63分,東武伊勢崎線/伊勢崎駅 歩68分",築38年,平屋,-,5.6万円,2000円,-,-,3K,43.47m,https://suumo.jp/chintai/jnc_000055184145/?bc=100184454075
埼玉県飯能市大字下赤工268-3,埼玉県飯能市大字下赤工,"西武池袋線/東吾野駅 歩78分,西武池袋線/武蔵横手駅 歩91分,西武池袋線/高麗駅 歩86分",築22年,2階建,-,6.7万円,-,-,-,1LDK,87.76m,https://suumo.jp/chintai/jnc_000053119813/?bc=100184876463
田戸台戸建,神奈川県横須賀市田戸台,"京急本線/県立大学駅 歩12分,京急本線/横須賀中央駅 歩17分",築86年,平屋,1階,4.5万円,-,-,-,2K,57.85m,https://suumo.jp/chintai/jnc_000055200270/?bc=100183516177
田戸台戸建,神奈川県横須賀市田戸台,"京急本線/県立大学駅 歩12分,京急本線/横須賀中央駅 歩17分",築86年,平屋,1階,4.5万円,-,-,-,2K,57.85m,https://suumo.jp/chintai/jnc_000055200271/?bc=100168998383
京急本線 県立大学駅 平屋 築86年,神奈川県横須賀市田戸台,"京急本線/県立大学駅 歩12分,京急本線/横須賀中央駅 歩17分",築86年,平屋,1-1階,4.5万円,-,-,-,2K,57.85m,https://suumo.jp/chintai/jnc_000055238627/?bc=100168996044
ＪＲ常磐線 石岡駅 2階建 築22年,茨城県石岡市下林,"ＪＲ常磐線/石岡駅 歩76分,ＪＲ常磐線/羽鳥駅 歩74分",築22年,2階建,2階,4.5万円,-,4.5万円,-,2DK,35m,https://suumo.jp/chintai/jnc_000045116516/?bc=100136330616
アヴァンセ,栃木県宇都宮市野沢町,"東武宇都宮線/東武宇都宮駅 歩86分,ＪＲ宇都宮線/宇都宮駅 歩102分,東武宇都宮線/南宇都宮駅 歩107分",築13年,2階建,1階,4.5万円,3000円,-,-,1DK,29.25m,https://suumo.jp/chintai/jnc_000051903539/?bc=100184527084
グレースコート,埼玉県比企郡吉見町大字下細谷,"ＪＲ高崎線/鴻巣駅 歩81分,ＪＲ高崎線/北鴻巣駅 歩103分,ＪＲ高崎線/北本駅 歩122分",築17年,2階建,2階,5.5万円,3000円,-,-,2LDK,47.54m,https://suumo.jp/chintai/jnc_000051292741/?bc=100184358535
サンフローラル,茨城県神栖市堀割１,ＪＲ鹿島線/鹿島神宮駅 歩80分,築18年,3階建,3階,5.8万円,2000円,-,-,2LDK,55.07m,https://suumo.jp/chintai/jnc_000045215989/?bc=100078838451
ＪＲ成田線 成田駅 2階建 築12年,千葉県富里市七栄,"ＪＲ成田線/成田駅 歩86分,京成本線/京成成田駅 歩86分,京成本線/公津の杜駅 歩62分",築12年,2階建,2階,6.3万円,3000円,-,-,2LDK,62.45m,https://suumo.jp/chintai/jnc_000054091036/?bc=100184917463
ROYAL GARDEN CASAHARA,茨城県水戸市笠原町,ＪＲ常磐線/水戸駅 バス15分 (バス停)笠原十字路 歩1分,築17年,2階建,2階,6.35万円,6000円,-,-,2DK,55.47m,https://suumo.jp/chintai/jnc_000053507178/?bc=100184318444
ROYAL GARDEN CASAHARA,茨城県水戸市笠原町,ＪＲ常磐線/水戸駅 バス15分 (バス停)笠原十字路 歩1分,築17年,2階建,2階,8.8万円,6000円,-,2万円,2LDK,78.5m,https://suumo.jp/chintai/jnc_000054814718/?bc=100185029024
ROYAL GARDEN CASAHARA,茨城県水戸市笠原町,ＪＲ常磐線/水戸駅 バス15分 (バス停)笠原十字路 歩1分,築17年,2階建,2階,9.9万円,6000円,-,5万円,3LDK,79.07m,https://suumo.jp/chintai/jnc_000055354929/?bc=100185100234
つくばエクスプレス 研究学園駅 2階建 築32年,茨城県つくば市要,"つくばエクスプレス/研究学園駅 歩65分,つくばエクスプレス/つくば駅 歩73分,つくばエクスプレス/万博記念公園駅 歩113分",築32年,2階建,1階,4万円,2000円,-,-,2DK,39.6m,https://suumo.jp/chintai/jnc_000055304372/?bc=100184658407
サニーコート,群馬県高崎市足門町,"ＪＲ上越線/群馬総社駅 歩70分,ＪＲ上越線/井野駅 歩99分,ＪＲ両毛線/新前橋駅 歩91分",築25年,2階建,2階,3.4万円,2500円,-,-,2DK,39.74m,https://suumo.jp/chintai/jnc_000022857679/?bc=100185110174
ラ・タ・タ・タムＩ,茨城県つくば市若葉,"つくばエクスプレス/みどりの駅 歩65分,つくばエクスプレス/万博記念公園駅 歩78分",築31年,2階建,2階,4.2万円,3000円,4万円,-,3DK,51.75m,https://suumo.jp/chintai/jnc_000055096233/?bc=100184699807
メゾン安中原市,群馬県安中市原市,ＪＲ信越本線/磯部駅 歩49分,築45年,平屋,1階,4万円,-,-,-,3DK,34.5m,https://suumo.jp/chintai/jnc_000055345649/?bc=100185063965
加藤荘,東京都三鷹市大沢１,"ＪＲ中央線/三鷹駅 歩55分,京王線/調布駅 歩40分,ＪＲ中央線/武蔵境駅 歩41分",築43年,2階建,2階,5.5万円,-,5.5万円,5.5万円,1K,26m,https://suumo.jp/chintai/jnc_000015941132/?bc=100184329704
ＪＲ信越本線 群馬八幡駅 2階建 築12年,群馬県高崎市箕郷町上芝,"ＪＲ信越本線/群馬八幡駅 歩83分,ＪＲ上越線/井野駅 歩104分,ＪＲ信越本線/北高崎駅 歩94分",築12年,2階建,2階,5万円,1500円,-,-,2LDK,54.85m,https://suumo.jp/chintai/jnc_000054845035/?bc=100185110149
ＪＲ両毛線 前橋駅 4階建 築18年,群馬県前橋市荒牧町１,ＪＲ両毛線/前橋駅 歩76分,築18年,4階建,4階,6.4万円,3000円,6.4万円,-,3LDK,71m,https://suumo.jp/chintai/jnc_000048955625/?bc=100184633046
グランディール高野台,茨城県つくば市高野台３,"ＪＲ常磐線/ひたち野うしく駅 歩78分,つくばエクスプレス/みどりの駅 歩102分",築18年,3階建,2階,6.7万円,3000円,10.05万円,-,3LDK,66.78m,https://suumo.jp/chintai/jnc_000050459002/?bc=100184388314
グラン　ノワール　I,茨城県神栖市深芝,"ＪＲ鹿島線/鹿島神宮駅 歩93分,ＪＲ鹿島線/延方駅 歩122分,ＪＲ成田線/水郷駅 歩158分",築3年,2階建,2階,6.2万円,3000円,-,6.2万円,2LDK,57.21m,https://suumo.jp/chintai/jnc_000054151139/?bc=100184767629
小田急線 町田駅 4階建 築32年,東京都町田市忠生３,"小田急線/町田駅 歩65分,ＪＲ横浜線/淵野辺駅 歩29分,ＪＲ横浜線/矢部駅 歩38分",築32年,4階建,2階,3.5万円,2000円,3.5万円,-,1K,15.76m,https://suumo.jp/chintai/jnc_000052658855/?bc=100184396225
ビレッジハウス下島第二1号棟,神奈川県平塚市下島,"小田急小田原線/伊勢原駅 歩51分,ＪＲ相模線/宮山駅 歩65分,ＪＲ相模線/倉見駅 歩85分",築45年,5階建,4階,3.5万円,-,-,-,2K,38.46m,https://suumo.jp/chintai/jnc_000054514871/?bc=100184855962
ＦＩＲＳＴ　ＳＴＡＧＥ,茨城県水戸市新原２,"ＪＲ常磐線/水戸駅 バス20分 (バス停)新原２丁目 歩59分,ＪＲ水郡線/水戸駅 歩59分,ＪＲ常磐線/赤塚駅 歩36分",築19年,2階建,1階,3.5万円,2000円,-,-,1K,22.68m,https://suumo.jp/chintai/jnc_000053755725/?bc=100167097518
ＦＩＲＳＴ　ＳＴＡＧＥ,茨城県水戸市新原２,"ＪＲ常磐線/水戸駅 バス20分 (バス停)新原２丁目 歩59分,ＪＲ水郡線/水戸駅 歩59分,ＪＲ常磐線/赤塚駅 歩36分",築19年,2階建,1階,3.5万円,2000円,-,-,1K,22.68m,https://suumo.jp/chintai/jnc_000053755724/?bc=100166826323
遠藤邸貸家,千葉県長生郡白子町南日当,"ＪＲ外房線/新茂原駅 歩68分,ＪＲ外房線/本納駅 歩77分,ＪＲ外房線/八積駅 歩76分",築28年,2階建,1階,4.7万円,-,4.7万円,4.7万円,2LDK,53.7m,https://suumo.jp/chintai/jnc_000055217983/?bc=100184503818
ジュエル　E,群馬県前橋市富士見町原之郷,"ＪＲ上越線/群馬総社駅 歩71分,上毛電鉄/三俣駅 歩74分,上毛電鉄/中央前橋駅 歩71分",築23年,2階建,2階,4.3万円,-,8万円,-,2DK,38.57m,https://suumo.jp/chintai/jnc_000055362023/?bc=100184763382
箱根登山鉄道 強羅駅 2階建 築5年,神奈川県足柄下郡箱根町仙石原,箱根登山鉄道/強羅駅 歩92分,築5年,2階建,1階,6万円,3000円,12万円,-,1LDK,49.44m,https://suumo.jp/chintai/jnc_000055220736/?bc=100184524734
つくばエクスプレス 浅草駅 8階建 築29年,東京都台東区松が谷２,"つくばエクスプレス/浅草駅 歩5分,東京メトロ銀座線/田原町駅 歩8分,東京メトロ銀座線/稲荷町駅 歩10分",築29年,8階建,6階,17.8万円,12000円,17.8万円,17.8万円,2LDK,57.6m,https://suumo.jp/chintai/jnc_000055024577/?bc=100184834044
高雄邸,茨城県つくば市森の里,ＪＲ常磐線/牛久駅 歩53分,築41年,2階建,2階,5万円,-,10万円,-,4DK,80.52m,https://suumo.jp/chintai/jnc_000055159247/?bc=100184327519
スカイコーポ芦名,神奈川県横須賀市芦名１,"ＪＲ横須賀線/衣笠駅 歩69分,京急本線/逸見駅 歩82分,京急久里浜線/津久井浜駅 歩84分",築26年,2階建,1階,6.5万円,-,-,-,3DK,47m,https://suumo.jp/chintai/jnc_000041690391/?bc=100180633592
マーボリーC,群馬県邑楽郡板倉町大字岩田,"東武日光線/板倉東洋大前駅 歩78分,東武伊勢崎線/茂林寺前駅 歩83分,東武伊勢崎線/川俣駅 歩89分",築18年,2階建,2階,2.8万円,-,5.6万円,-,1K,24.71m,https://suumo.jp/chintai/jnc_000055061898/?bc=100183899044
ルピナスオータケ,東京都三鷹市中原１,"ＪＲ中央線/三鷹駅 歩64分,京王線/つつじヶ丘駅 歩12分,京王線/仙川駅 歩14分",築32年,2階建,2階,4.4万円,4000円,4.4万円,-,1K,18m,https://suumo.jp/chintai/jnc_000052472173/?bc=100184329000
ビレッジハウス北条2号棟,茨城県つくば市北条,"つくばエクスプレス/つくば駅 バス31分 (バス停)東田中 歩25分,ＪＲ常磐線/土浦駅 バス52分 (バス停)北条内町 歩10分,関東鉄道常総線/下妻駅 バス34分 (バス停)北条内町 歩10分",築36年,5階建,2階,3.9万円,-,-,-,2LDK,53.08m,https://suumo.jp/chintai/jnc_000055289602/?bc=100185112067
ビレッジハウス北条2号棟,茨城県つくば市北条,"つくばエクスプレス/つくば駅 バス31分 (バス停)東田中 歩25分,ＪＲ常磐線/土浦駅 バス52分 (バス停)北条内町 歩10分,関東鉄道常総線/下妻駅 バス34分 (バス停)北条内町 歩10分",築36年,5階建,2階,4万円,-,-,-,2LDK,53.08m,https://suumo.jp/chintai/jnc_000055289601/?bc=100184869512
ラ・フォンテーヌ　Ａ,茨城県東茨城郡茨城町大字長岡,ＪＲ常磐線/水戸駅 歩90分,築6年,2階建,1階,4.8万円,3000円,4.8万円,2.4万円,1SK,35m,https://suumo.jp/chintai/jnc_000055144214/?bc=100184468776
ＪＲ成田線 下総橘駅 2階建 築17年,茨城県神栖市知手中央５,"ＪＲ成田線/下総橘駅 歩79分,ＪＲ成田線/笹川駅 歩81分,ＪＲ成田線/下総豊里駅 歩113分",築17年,2階建,1階,4.9万円,3000円,-,4.9万円,1K,33.48m,https://suumo.jp/chintai/jnc_000054872726/?bc=100184762585
ルミエール,茨城県古河市釈迦,"ＪＲ宇都宮線/栗橋駅 歩92分,ＪＲ宇都宮線/古河駅 歩94分,東武日光線/南栗橋駅 歩122分",築2年,2階建,2階,5.6万円,3000円,-,-,2LDK,54.63m,https://suumo.jp/chintai/jnc_000055339646/?bc=100142877164
コスモスII,栃木県鹿沼市上石川,"東武宇都宮線/西川田駅 歩90分,ＪＲ日光線/鶴田駅 歩71分,東武宇都宮線/江曽島駅 歩82分",築6年,2階建,2階,6万円,3000円,6万円,-,1LDK,58.21m,https://suumo.jp/chintai/jnc_000055083401/?bc=100184656970
リアルト・パレス,群馬県前橋市荒牧町１,ＪＲ両毛線/前橋駅 歩76分,築18年,4階建,2階,6.4万円,3000円,6.4万円,-,3LDK,71m,https://suumo.jp/chintai/jnc_000048995074/?bc=100184696142
三樹ハイツ島野,群馬県高崎市島野町,"ＪＲ上越線/井野駅 歩63分,ＪＲ上越線/高崎問屋町駅 歩62分,ＪＲ高崎線/倉賀野駅 歩64分",築32年,2階建,1階,2.8万円,-,-,-,1DK,25.11m,https://suumo.jp/chintai/jnc_000054699683/?bc=100184882166
シャルマンコーポ参番館,栃木県鹿沼市上石川,"ＪＲ日光線/鶴田駅 歩74分,ＪＲ日光線/鹿沼駅 歩81分,東武日光線/新鹿沼駅 歩91分",築20年,2階建,2階,3.5万円,2500円,3.5万円,-,2DK,47.08m,https://suumo.jp/chintai/jnc_000055339661/?bc=100185042031
グランディール,栃木県鹿沼市上石川,"東武宇都宮線/西川田駅 歩78分,ＪＲ日光線/鶴田駅 歩73分,東武日光線/樅山駅 歩72分",築15年,2階建,1階,3.9万円,2000円,3.9万円,-,1K,33.25m,https://suumo.jp/chintai/jnc_000054762932/?bc=100178642819
グランアシューレ,埼玉県熊谷市妻沼,"東武小泉線/西小泉駅 歩80分,東武小泉線/小泉町駅 歩97分,東武小泉線/東小泉駅 歩104分",築15年,2階建,1階,4万円,3000円,4万円,-,1K,26.44m,https://suumo.jp/chintai/jnc_000055037934/?bc=100184899737
ビレッジハウス高林1号棟,群馬県太田市高林北町,"東武伊勢崎線/細谷駅 歩40分,東武伊勢崎線/太田駅 歩51分,東武小泉線/西小泉駅 歩56分",築52年,4階建,3階,3.5万円,-,-,-,2K,28.98m,https://suumo.jp/chintai/jnc_000054914821/?bc=100185097488
ビレッジハウス高林1号棟,群馬県太田市高林北町,"東武伊勢崎線/細谷駅 歩40分,東武伊勢崎線/太田駅 歩51分,東武小泉線/西小泉駅 歩56分",築52年,4階建,3階,3.5万円,-,-,-,2K,28.98m,https://suumo.jp/chintai/jnc_000055345608/?bc=100185061327
ビレッジハウス高林1号棟,群馬県太田市高林北町,"東武伊勢崎線/細谷駅 歩40分,東武伊勢崎線/太田駅 歩51分,東武小泉線/西小泉駅 歩56分",築52年,4階建,3階,3.6万円,-,-,-,2K,28.98m,https://suumo.jp/chintai/jnc_000054723464/?bc=100185061478
千葉都市モノレール スポーツセンター駅 平屋 築52年,千葉県千葉市稲毛区宮野木町,千葉都市モノレール/スポーツセンター駅 バス10分 (バス停)五反田 歩33分,築52年,平屋,1階,4.3万円,-,8.6万円,-,2K,36.38m,https://suumo.jp/chintai/jnc_000053369984/?bc=100175916896
宮野木町平屋,千葉県千葉市稲毛区宮野木町,千葉都市モノレール/スポーツセンター駅 バス10分 (バス停)五反田 歩33分,築52年,平屋,1階,4.3万円,-,8.6万円,-,2K,36.38m,https://suumo.jp/chintai/jnc_000053689607/?bc=100175838697
めぐみ荘,茨城県神栖市知手,ＪＲ鹿島線/鹿島神宮駅 バス45分 (バス停)柳堀 歩9分,築40年,平屋,1階,4.3万円,2000円,4.3万円,-,3DK,49.68m,https://suumo.jp/chintai/jnc_000055257845/?bc=100184743746
ビレッジハウス北条1号棟,茨城県つくば市北条,"つくばエクスプレス/つくば駅 バス31分 (バス停)東田中 歩25分,ＪＲ常磐線/土浦駅 バス52分 (バス停)北条内町 歩10分,関東鉄道常総線/下妻駅 バス34分 (バス停)北条内町 歩10分",築36年,5階建,5階,3.5万円,-,-,-,2LDK,53.08m,https://suumo.jp/chintai/jnc_000054742962/?bc=100184996655
ビレッジハウス北条1号棟,茨城県つくば市北条,"つくばエクスプレス/つくば駅 バス31分 (バス停)東田中 歩25分,ＪＲ常磐線/土浦駅 バス52分 (バス停)北条内町 歩10分,関東鉄道常総線/下妻駅 バス34分 (バス停)北条内町 歩10分",築36年,5階建,5階,3.5万円,-,-,-,3DK,53.08m,https://suumo.jp/chintai/jnc_000051086809/?bc=100185032967
ビレッジハウス北条1号棟,茨城県つくば市北条,"つくばエクスプレス/つくば駅 バス31分 (バス停)東田中 歩25分,ＪＲ常磐線/土浦駅 バス52分 (バス停)北条内町 歩10分,関東鉄道常総線/下妻駅 バス34分 (バス停)北条内町 歩10分",築36年,5階建,5階,3.6万円,-,-,-,2LDK,53.08m,https://suumo.jp/chintai/jnc_000054742961/?bc=100184996656
ビレッジハウス北条1号棟,茨城県つくば市北条,"つくばエクスプレス/つくば駅 バス31分 (バス停)東田中 歩25分,ＪＲ常磐線/土浦駅 バス52分 (バス停)北条内町 歩10分,関東鉄道常総線/下妻駅 バス34分 (バス停)北条内町 歩10分",築36年,5階建,5階,3.7万円,-,-,-,3DK,53.08m,https://suumo.jp/chintai/jnc_000055355028/?bc=100185115675
ＪＲ中央線 三鷹駅 2階建 築36年,東京都三鷹市大沢２,"ＪＲ中央線/三鷹駅 歩59分,ＪＲ中央線/武蔵境駅 歩43分,西武多摩川線/多磨駅 歩25分",築36年,2階建,2階,4.8万円,-,4.8万円,4.8万円,1K,21.48m,https://suumo.jp/chintai/jnc_000013584904/?bc=100184329129
サンヴェール,栃木県宇都宮市中里町,ＪＲ宇都宮線/氏家駅 歩83分,築12年,2階建,1階,4.8万円,3000円,5万円,2.4万円,1LDK,44.72m,https://suumo.jp/chintai/jnc_000055321080/?bc=100184970674
ハマノハイツ,栃木県河内郡上三川町大字上三川,ＪＲ宇都宮線/石橋駅 歩62分,築32年,2階建,1階,5万円,-,5万円,5万円,2LDK,50.6m,https://suumo.jp/chintai/jnc_000038894506/?bc=100184479774
グランディールＫ・I,茨城県つくば市筑穂３,"つくばエクスプレス/つくば駅 歩73分,つくばエクスプレス/研究学園駅 歩78分,つくばエクスプレス/万博記念公園駅 歩102分",築21年,2階建,2階,5万円,2000円,-,-,2LDK,51.67m,https://suumo.jp/chintai/jnc_000055206045/?bc=100154161831
シャンミリエＢ,群馬県伊勢崎市除ケ町,"ＪＲ両毛線/伊勢崎駅 歩71分,東武伊勢崎線/剛志駅 歩49分,東武伊勢崎線/伊勢崎駅 歩68分",築20年,2階建,2階,5.2万円,3000円,-,-,3DK,63.55m,https://suumo.jp/chintai/jnc_000055159359/?bc=100184856814
ヴューテラスA,栃木県宇都宮市宝木本町,"東武宇都宮線/東武宇都宮駅 歩82分,ＪＲ宇都宮線/宇都宮駅 歩99分",築13年,2階建,1階,5.7万円,3000円,-,-,1LDK,45.33m,https://suumo.jp/chintai/jnc_000055267434/?bc=100184761994
TKガーデンパレスB棟,東京都三鷹市中原１,"ＪＲ中央線/三鷹駅 歩66分,京王線/仙川駅 歩10分,京王線/つつじヶ丘駅 歩12分",築29年,2階建,1階,6万円,2000円,6万円,-,ワンルーム,22.2m,https://suumo.jp/chintai/jnc_000052182547/?bc=100184329002
グランモア港ヶ丘２Ｄ棟,茨城県鹿嶋市港ケ丘２,鹿島臨海鉄道/鹿島神宮駅 歩65分,築29年,2階建,2階,2.5万円,3000円,2.5万円,-,1K,24.8m,https://suumo.jp/chintai/jnc_000031388495/?bc=100184929586
鹿島臨海鉄道 鹿島神宮駅 2階建 築29年,茨城県鹿嶋市港ケ丘２,鹿島臨海鉄道/鹿島神宮駅 歩65分,築29年,2階建,2階,2.5万円,3000円,2.5万円,-,1K,24.8m,https://suumo.jp/chintai/jnc_000031417056/?bc=100184930457
ピュアブルー,茨城県水戸市渡里町,ＪＲ常磐線/水戸駅 歩65分,築29年,2階建,1階,2.5万円,2000円,-,-,ワンルーム,19.6m,https://suumo.jp/chintai/jnc_000046781495/?bc=100115787463
ピュアブルー,茨城県水戸市渡里町,ＪＲ常磐線/水戸駅 歩65分,築29年,2階建,1階,2.5万円,2000円,-,-,ワンルーム,19.6m,https://suumo.jp/chintai/jnc_000046174134/?bc=100115787661
ヴァンベール御料,千葉県富里市御料,京成本線/京成成田駅 バス28分 (バス停)太産工業 歩11分,築6年,4階建,2階,6.5万円,2000円,-,6.5万円,1LDK,47.7m,https://suumo.jp/chintai/jnc_000055340029/?bc=100185127976
ヴァンベール御料,千葉県富里市御料,京成本線/京成成田駅 バス28分 (バス停)太産工業 歩11分,築6年,4階建,2階,6.5万円,2000円,-,6.5万円,1LDK,43.67m,https://suumo.jp/chintai/jnc_000055340030/?bc=100185121263
Ｎアパート２,茨城県水戸市袴塚３,"ＪＲ常磐線/赤塚駅 歩52分,ＪＲ常磐線/水戸駅 車8分(4.9km)",築42年,2階建,2階,3万円,1000円,-,-,ワンルーム,24.8m,https://suumo.jp/chintai/jnc_000055304311/?bc=100184922939
サンシティー東原,栃木県那須塩原市東原,"ＪＲ東北本線/黒磯駅 歩61分,ＪＲ東北本線/那須塩原駅 歩102分",築32年,2階建,2階,3.5万円,-,3.5万円,-,2DK,43.47m,https://suumo.jp/chintai/jnc_000030575945/?bc=100097003749
メゾンドール・本郷,群馬県高崎市本郷町,ＪＲ信越本線/群馬八幡駅 歩59分,築32年,2階建,2階,3.25万円,2000円,-,-,2DK,44.71m,https://suumo.jp/chintai/jnc_000042266900/?bc=100185169557
ジュエル,群馬県前橋市富士見町原之郷,ＪＲ上越線/群馬総社駅 歩69分,築23年,2階建,1階,4.3万円,2000円,8万円,-,3DK,50.78m,https://suumo.jp/chintai/jnc_000042141912/?bc=100158160778
ＪＲ上越線 群馬総社駅 2階建 築23年,群馬県前橋市富士見町原之郷,ＪＲ上越線/群馬総社駅 歩69分,築23年,2階建,1階,4.3万円,2000円,8万円,-,3DK,50.78m,https://suumo.jp/chintai/jnc_000043077284/?bc=100125486530
高岡戸建,茨城県つくばみらい市高岡,"つくばエクスプレス/みらい平駅 歩52分,つくばエクスプレス/みどりの駅 歩54分,つくばエクスプレス/万博記念公園駅 歩101分",築40年,2階建,1階,5万円,-,5万円,5万円,3DK,66.09m,https://suumo.jp/chintai/jnc_000055096270/?bc=100184594219
高岡戸建,茨城県つくばみらい市高岡,"つくばエクスプレス/みらい平駅 歩52分,つくばエクスプレス/みどりの駅 歩54分,つくばエクスプレス/万博記念公園駅 歩101分",築40年,2階建,1階,5万円,-,5万円,5万円,3DK,66.09m,https://suumo.jp/chintai/jnc_000055312427/?bc=100184945819
つくばエクスプレス みらい平駅 2階建 築40年,茨城県つくばみらい市高岡,つくばエクスプレス/みらい平駅 歩52分,築40年,2階建,1階,5万円,-,5万円,5万円,3DK,66.09m,https://suumo.jp/chintai/jnc_000055226062/?bc=100184595853
セジュール吉備,茨城県つくば市高野台２,"ＪＲ常磐線/ひたち野うしく駅 歩62分,ＪＲ常磐線/荒川沖駅 歩68分",築32年,2階建,1階,5万円,3500円,-,-,1LDK,40.07m,https://suumo.jp/chintai/jnc_000053480722/?bc=100184923464
フォレストスクエア,茨城県つくば市観音台１,つくばエクスプレス/みどりの駅 歩64分,築8年,2階建,1階,5.3万円,3000円,5.3万円,-,1LDK,45.09m,https://suumo.jp/chintai/jnc_000025284111/?bc=100184597971
菊池本郷台住宅,茨城県ひたちなか市大字馬渡,"ひたちなか海浜鉄道/金上駅 歩44分,ひたちなか海浜鉄道/中根駅 歩43分,ＪＲ常磐線/勝田駅 歩53分",築48年,平屋,1階,6万円,-,12万円,-,3LDK,63.6m,https://suumo.jp/chintai/jnc_000055304388/?bc=100184335100
ＪＲ常磐線 水戸駅 2階建 築8年,茨城県水戸市平須町,"ＪＲ常磐線/水戸駅 歩85分,ＪＲ常磐線/赤塚駅 歩85分,ＪＲ水郡線/常陸青柳駅 歩106分",築8年,2階建,1階,6.4万円,3000円,-,-,2LDK,69.37m,https://suumo.jp/chintai/jnc_000053689207/?bc=100184602625
キャトルセゾン　Ｄ棟,茨城県水戸市千波町,ＪＲ常磐線/水戸駅 歩33分,築23年,2階建,2階,5.8万円,1000円,5.8万円,-,2LDK,60.35m,https://suumo.jp/chintai/jnc_000055015690/?bc=100184824201
キャトルセゾン　Ｄ棟,茨城県水戸市千波町,ＪＲ常磐線/水戸駅 歩33分,築23年,2階建,2階,5.8万円,1000円,5.8万円,-,2LDK,60.35m,https://suumo.jp/chintai/jnc_000055369361/?bc=100185180402
ビレッジハウス五所宮2号棟,茨城県筑西市五所宮,"真岡鉄道/折本駅 歩43分,真岡鉄道/下館二高前駅 歩40分,真岡鉄道/ひぐち駅 歩63分",築47年,5階建,3階,2.8万円,-,-,-,2K,33.54m,https://suumo.jp/chintai/jnc_000055183780/?bc=100181718166
ビレッジハウス五所宮2号棟,茨城県筑西市五所宮,"真岡鉄道/折本駅 歩43分,真岡鉄道/下館二高前駅 歩40分,真岡鉄道/ひぐち駅 歩63分",築47年,5階建,3階,2.9万円,-,-,-,2K,33.54m,https://suumo.jp/chintai/jnc_000042458083/?bc=100181718167
ビレッジハウス高林3号棟,群馬県太田市高林北町,"東武伊勢崎線/細谷駅 歩40分,東武伊勢崎線/太田駅 歩51分,東武小泉線/西小泉駅 歩56分",築52年,4階建,3階,3.6万円,-,-,-,2K,28.98m,https://suumo.jp/chintai/jnc_000055023759/?bc=100184181463
ＪＲ成田線 椎柴駅 2階建 築46年,茨城県神栖市矢田部,ＪＲ成田線/椎柴駅 歩45分,築46年,2階建,1階,3.7万円,-,3.7万円,-,3DK,53.82m,https://suumo.jp/chintai/jnc_000051163318/?bc=100165092425
宝コーポ,茨城県神栖市矢田部,ＪＲ成田線/椎柴駅 歩45分,築46年,2階建,1階,3.7万円,-,3.7万円,-,3DK,53.82m,https://suumo.jp/chintai/jnc_000055151758/?bc=100164988165
つくばエクスプレス つくば駅 4階建 築23年,茨城県つくば市花畑３,"つくばエクスプレス/つくば駅 歩70分,つくばエクスプレス/研究学園駅 歩70分,ＪＲ常磐線/土浦駅 バス31分 (バス停)防災科学技術研究所 歩3分",築23年,4階建,4階,3.9万円,3000円,-,-,1K,24m,https://suumo.jp/chintai/jnc_000055242233/?bc=100184653190
ヴェロ　クォーレ,茨城県つくば市蓮沼,つくばエクスプレス/つくば駅 バス15分 (バス停)大穂 歩10分,築9年,2階建,2階,5万円,4000円,2.5万円,2.5万円,1K,31.46m,https://suumo.jp/chintai/jnc_000055217105/?bc=100185118406
ハイツサングリーン,茨城県猿島郡境町大字山崎,東武伊勢崎線/東武動物公園駅 バス25分 (バス停)中学校入口 歩45分,築21年,2階建,2階,4.5万円,-,4.5万円,-,2DK,42.72m,https://suumo.jp/chintai/jnc_000055345462/?bc=100185066011
ＪＲ東海道本線 川崎駅 3階建 築35年,神奈川県横浜市鶴見区駒岡４,"ＪＲ東海道本線/川崎駅 歩56分,東急東横線/綱島駅 歩29分,ＪＲ横須賀線/新川崎駅 歩34分",築35年,3階建,2階,4.5万円,5000円,-,-,ワンルーム,24.5m,https://suumo.jp/chintai/jnc_000047472006/?bc=100178608138
スターハイツ　ＡＢ,千葉県袖ヶ浦市神納,ＪＲ内房線/袖ヶ浦駅 歩18分,築27年,2階建,2階,5.2万円,3500円,-,5.2万円,2DK,40.07m,https://suumo.jp/chintai/jnc_000030945458/?bc=100184486398
ファーストヴィレッジ,東京都板橋区前野町３,"都営三田線/志村坂上駅 歩13分,東武東上線/ときわ台駅 歩15分,都営三田線/本蓮沼駅 歩15分",築78年,2階建,1階,4.7万円,3000円,-,-,ワンルーム,16.56m,https://suumo.jp/chintai/jnc_000055371504/?bc=100185156555
ファーストヴィレッジ,東京都板橋区前野町３,"都営三田線/志村坂上駅 歩13分,東武東上線/ときわ台駅 歩15分,都営三田線/本蓮沼駅 歩15分",築78年,2階建,1階,5.17万円,3300円,-,-,ワンルーム,16.56m,https://suumo.jp/chintai/jnc_000055299787/?bc=100184890235
コテージ・ガーデンＡ,群馬県前橋市横手町,"ＪＲ両毛線/前橋大島駅 歩83分,ＪＲ高崎線/倉賀野駅 車15分(6.7km)",築8年,2階建,1階,5.4万円,3000円,-,5.4万円,1LDK,45.34m,https://suumo.jp/chintai/jnc_000039652586/?bc=100184873376
ＪＲ京浜東北線 北浦和駅 平屋 築55年,埼玉県さいたま市桜区大字塚本,"ＪＲ京浜東北線/北浦和駅 バス25分 (バス停)浦和北高校 歩10分,ＪＲ高崎線/浦和駅 バス37分 (バス停)やつしまニュータウン 歩3分,ＪＲ埼京線/南与野駅 バス17分 (バス停)下大久保 歩20分",築55年,平屋,1階,5.5万円,-,-,-,5DK,93.45m,https://suumo.jp/chintai/jnc_000054218609/?bc=100184922587
ラヴェスト・コート　A,茨城県神栖市大野原３,ＪＲ鹿島線/鹿島神宮駅 バス20分 (バス停)セントラルホテル 歩12分,築9年,2階建,2階,5.6万円,3800円,-,5.6万円,1LDK,35.11m,https://suumo.jp/chintai/jnc_000055197630/?bc=100184463288
ＪＲ成田線 小見川駅 2階建 築9年,茨城県神栖市大野原３,ＪＲ成田線/小見川駅 歩84分,築9年,2階建,2階,5.6万円,3800円,-,5.6万円,1LDK,35.11m,https://suumo.jp/chintai/jnc_000055226040/?bc=100184597449
